image,xmin,ymin,xmax,ymax,label
ch1_20150914_130712_016_s55.jpg,1385,0,1399,162,Blesk
ch1_20150914_130712_016_s55.jpg,1349,0,1361,162,Blesk
ch1_20150914_130712_016_s55.jpg,1128,0,1139,162,Blesk
ch1_20150914_130712_016_s55.jpg,1109,0,1122,162,Blesk
ch1_20150914_130712_016_s55.jpg,882,0,892,162,Blesk
ch1_20150914_130712_016_s55.jpg,834,0,844,162,Blesk
ch1_20150914_130712_016_s55.jpg,721,0,730,162,Blesk
ch1_20150914_130712_016_s55.jpg,618,0,628,162,Blesk
ch1_20150914_130712_016_s55.jpg,57,0,67,162,Blesk
ch1_20150914_130712_016_s55.jpg,69,0,77,162,Blesk
ch1_20150914_130712_016_s55.jpg,158,0,167,162,Blesk
ch1_20150914_130712_016_s55.jpg,219,0,227,162,Blesk
ch1_20150914_130712_016_s55.jpg,601,0,611,162,Blesk
ch1_20150914_130712_016_s55.jpg,650,0,663,162,Blesk
ch1_20170714_160825_818_s90.jpg,1300,0,1309,162,Blesk
ch1_20170714_160825_818_s90.jpg,1391,0,1399,162,Blesk
ch1_20180615_195005_249_s19.jpg,195,0,203,162,Blesk
ch1_20180615_195005_249_s19.jpg,369,0,381,162,Blesk
ch1_20180615_195005_249_s19.jpg,449,0,462,162,Blesk
ch1_20180615_195005_249_s19.jpg,471,0,483,162,Blesk
ch1_20180615_195005_249_s19.jpg,536,0,546,162,Blesk
ch1_20180615_195005_249_s19.jpg,688,0,696,162,Blesk
ch1_20180615_195005_249_s19.jpg,711,0,728,162,Blesk
ch1_20180615_195005_249_s19.jpg,773,0,782,162,Blesk
ch1_20180615_195005_249_s19.jpg,930,0,941,162,Blesk s chvostíkom
ch1_20180615_195005_249_s19.jpg,1185,0,1197,162,Blesk
ch1_20180615_195005_249_s19.jpg,1272,0,1283,162,Blesk
ch1_20150914_130211_791_s3.jpg,213,0,225,162,Blesk
ch1_20150914_130211_791_s3.jpg,264,0,280,162,Blesk
ch1_20150914_130211_791_s3.jpg,24,0,34,162,Blesk
ch1_20150914_130211_791_s3.jpg,288,0,297,162,Blesk
ch1_20150914_130211_791_s3.jpg,299,0,310,162,Blesk
ch1_20150914_130211_791_s3.jpg,315,0,325,162,Blesk
ch1_20150914_130211_791_s3.jpg,348,0,360,162,Blesk
ch1_20150914_130211_791_s3.jpg,498,0,549,162,Blesk s chvostíkom
ch1_20150914_130211_791_s3.jpg,672,0,684,162,Blesk
ch1_20150914_130211_791_s3.jpg,825,0,837,162,Blesk
ch1_20150914_130211_791_s3.jpg,901,0,924,162,Blesk
ch1_20150914_130211_791_s3.jpg,994,0,1006,162,Blesk
ch1_20150914_130211_791_s3.jpg,1042,0,1055,162,Blesk
ch1_20150914_130211_791_s3.jpg,1251,0,1259,162,Blesk
ch1_20150914_130211_791_s3.jpg,1316,0,1329,162,Blesk
ch1_20150902_230432_765_s38.jpg,527,0,541,162,Blesk s chvostíkom
ch1_20150902_230432_765_s38.jpg,786,0,802,162,Blesk s chvostíkom
ch1_20150902_230432_765_s38.jpg,860,0,870,162,Blesk
ch1_20150902_230432_765_s38.jpg,891,0,904,162,Blesk
ch1_20150902_230432_765_s38.jpg,951,0,962,162,Blesk
ch1_20150902_230432_765_s38.jpg,1046,0,1055,162,Blesk
ch1_20150902_230432_765_s38.jpg,462,0,470,162,Blesk
ch1_20150902_230432_765_s38.jpg,1229,0,1237,162,Blesk
ch1_20170715_122418_144_s66.jpg,659,0,668,162,Blesk
ch1_20170702_170622_764_s72.jpg,732,0,741,162,Blesk s chvostíkom
ch1_20180629_163355_510_s44.jpg,67,0,78,162,Blesk
ch1_20180629_163355_510_s44.jpg,143,0,155,162,Blesk
ch1_20180629_163355_510_s44.jpg,155,0,162,162,Blesk
ch1_20180629_163355_510_s44.jpg,653,0,663,162,Blesk
ch1_20180629_163355_510_s44.jpg,369,0,375,162,Blesk
ch1_20180629_163355_510_s44.jpg,689,0,698,162,Blesk
ch1_20180629_163355_510_s44.jpg,759,0,771,162,Blesk
ch1_20180629_163355_510_s44.jpg,894,0,902,162,Blesk
ch1_20180629_163355_510_s44.jpg,873,0,881,162,Blesk
ch1_20180629_163355_510_s44.jpg,1075,0,1084,162,Blesk
ch1_20160802_155938_445_s31.jpg,167,0,175,162,Blesk
ch1_20160802_155938_445_s31.jpg,319,0,325,162,Blesk
ch1_20160802_155938_445_s31.jpg,205,0,212,162,Blesk
ch1_20160802_155938_445_s31.jpg,1195,0,1203,162,Blesk
ch1_20150902_232933_901_s85.jpg,150,0,175,162,Blesk s chvostíkom
ch1_20150902_232933_901_s85.jpg,64,0,73,162,Blesk
ch1_20150902_232933_901_s85.jpg,54,0,65,162,Blesk
ch1_20150902_232933_901_s85.jpg,204,0,226,162,Blesk
ch1_20150902_232933_901_s85.jpg,300,0,316,162,Blesk
ch1_20150902_232933_901_s85.jpg,390,0,405,162,Blesk
ch1_20150902_232933_901_s85.jpg,576,0,586,162,Blesk
ch1_20150902_232933_901_s85.jpg,725,0,734,162,Blesk
ch1_20150902_232933_901_s85.jpg,703,0,717,162,Blesk
ch1_20150902_232933_901_s85.jpg,784,0,807,162,Blesk s chvostíkom
ch1_20150902_232933_901_s85.jpg,827,0,837,162,Blesk
ch1_20150902_232933_901_s85.jpg,838,0,848,162,Blesk
ch1_20150902_232933_901_s85.jpg,849,0,860,162,Blesk
ch1_20150902_232933_901_s85.jpg,920,0,928,162,Blesk
ch1_20150902_232933_901_s85.jpg,1045,0,1054,162,Blesk
ch1_20150902_232933_901_s85.jpg,1053,0,1066,162,Blesk
ch1_20150902_232933_901_s85.jpg,1135,0,1152,162,Blesk
ch1_20150902_232933_901_s85.jpg,1066,0,1091,162,Blesk s chvostíkom
ch1_20150902_232933_901_s85.jpg,1152,0,1161,162,Blesk
ch1_20150915_190334_086_s77.jpg,261,0,281,162,Blesk
ch1_20150915_190334_086_s77.jpg,928,0,947,162,Blesk
ch1_20150915_190334_086_s77.jpg,1176,0,1199,162,Blesk
ch1_20150915_190334_086_s77.jpg,1274,0,1296,162,Blesk
ch1_20150915_190334_086_s77.jpg,1374,0,1390,162,Blesk
ch1_20150915_190334_086_s77.jpg,1327,0,1344,162,Blesk
ch1_20150915_190334_086_s77.jpg,1347,0,1363,162,Blesk
ch1_20170714_153824_509_s124.jpg,478,0,497,162,Blesk s chvostíkom
ch1_20170714_153824_509_s124.jpg,612,0,628,162,Blesk
ch1_20170714_153824_509_s124.jpg,826,0,843,162,Blesk
ch1_20170714_153824_509_s124.jpg,1099,0,1114,162,Blesk
ch1_20170714_153824_509_s124.jpg,675,0,688,162,Blesk
ch1_20180629_154853_611_s89.jpg,286,0,302,162,Blesk
ch1_20180629_154853_611_s89.jpg,517,0,531,162,Blesk
ch1_20180629_154853_611_s89.jpg,578,0,593,162,Blesk
ch1_20180629_154853_611_s89.jpg,623,0,638,162,Blesk
ch1_20180629_154853_611_s89.jpg,1377,0,1391,162,Blesk
ch1_20160802_165440_844_s79.jpg,215,0,221,162,Blesk
ch1_20160802_165440_844_s79.jpg,39,0,46,162,Blesk
ch1_20150914_132212_691_s52.jpg,910,0,920,162,Blesk
ch1_20150914_132212_691_s52.jpg,586,0,594,162,Blesk
ch1_20150914_132212_691_s52.jpg,1107,0,1115,162,Blesk
ch1_20150914_132212_691_s52.jpg,1175,0,1180,162,Blesk
ch1_20150914_132212_691_s52.jpg,967,0,974,162,Blesk
ch1_20170702_162120_933_s91.jpg,269,0,282,162,Blesk
ch1_20170702_162120_933_s91.jpg,759,0,770,162,Blesk
ch1_20170702_162120_933_s91.jpg,533,0,544,162,Blesk
ch1_20170714_160825_818_s90.jpg,1298,0,1312,162,Blesk
ch1_20170714_160825_818_s90.jpg,1388,0,1405,162,Blesk
ch1_20170715_124919_208_s126.jpg,1015,0,1021,162,Blesk
ch1_20170715_124919_208_s126.jpg,982,0,989,162,Blesk
ch1_20180629_162855_294_s8.jpg,291,0,302,162,Blesk
ch1_20180629_162855_294_s8.jpg,1366,0,1375,162,Blesk
ch1_20180629_162855_294_s8.jpg,1284,0,1294,162,Blesk
ch1_20180629_162855_294_s8.jpg,1274,0,1284,162,Blesk
ch1_20180629_162855_294_s8.jpg,1244,0,1255,162,Blesk
ch1_20180629_162855_294_s8.jpg,1210,0,1221,162,Blesk
ch1_20180629_162855_294_s8.jpg,1100,0,1110,162,Blesk
ch1_20180629_162855_294_s8.jpg,1068,0,1075,162,Blesk
ch1_20180629_162855_294_s8.jpg,1047,0,1055,162,Blesk
ch1_20180629_162855_294_s8.jpg,821,0,828,162,Blesk
ch1_20180629_162855_294_s8.jpg,1120,0,1128,162,Blesk
ch1_20180629_162855_294_s8.jpg,1302,0,1313,162,Blesk
ch1_20180615_203507_097_s55.jpg,1305,0,1338,162,Blesk s chvostíkom
ch1_20180615_203507_097_s55.jpg,245,0,272,162,Blesk s chvostíkom
ch1_20180615_203507_097_s55.jpg,398,0,409,162,Blesk
ch1_20180615_203507_097_s55.jpg,366,0,376,162,Blesk
ch1_20180615_203507_097_s55.jpg,438,0,448,162,Blesk
ch1_20180615_203507_097_s55.jpg,332,0,358,162,Blesk s chvostíkom
ch1_20180615_203507_097_s55.jpg,508,0,535,162,Blesk s chvostíkom
ch1_20180615_203507_097_s55.jpg,1391,0,1408,162,Blesk
ch1_20160814_145725_103_s121.jpg,433,0,443,162,Blesk
ch1_20160814_145725_103_s121.jpg,664,0,671,162,Blesk
ch1_20160814_145725_103_s121.jpg,460,0,470,162,Blesk
ch1_20180602_211229_947_s105.jpg,296,0,316,162,Blesk
ch1_20180602_211229_947_s105.jpg,324,0,335,162,Blesk
ch1_20180602_211229_947_s105.jpg,1289,0,1317,162,Blesk s chvostíkom
ch1_20180602_211229_947_s105.jpg,1322,0,1342,162,Blesk s chvostíkom
ch1_20180602_211229_947_s105.jpg,1346,0,1369,162,Blesk s chvostíkom
ch1_20180602_211229_947_s105.jpg,1405,0,1418,162,Blesk
ch1_20160814_153226_709_s105.jpg,719,0,731,162,Blesk
ch1_20160814_153226_709_s105.jpg,1054,0,1063,162,Blesk
ch1_20150915_184833_399_s117.jpg,49,0,58,162,Blesk
ch1_20150915_184833_399_s117.jpg,113,0,121,162,Blesk
ch1_20150915_184833_399_s117.jpg,250,0,259,162,Blesk
ch1_20150915_184833_399_s117.jpg,568,0,583,162,Blesk
ch1_20150915_184833_399_s117.jpg,513,0,524,162,Blesk
ch1_20150915_184833_399_s117.jpg,660,0,674,162,Blesk
ch1_20150915_184833_399_s117.jpg,720,0,740,162,Blesk s chvostíkom
ch1_20150915_184833_399_s117.jpg,792,0,804,162,Blesk
ch1_20150915_184833_399_s117.jpg,884,0,898,162,Blesk
ch1_20150915_184833_399_s117.jpg,946,0,955,162,Blesk
ch1_20150915_184833_399_s117.jpg,978,0,989,162,Blesk
ch1_20150915_184833_399_s117.jpg,994,0,1006,162,Blesk
ch1_20150915_184833_399_s117.jpg,1130,0,1142,162,Blesk
ch1_20170730_172907_467_s61.jpg,3,0,13,162,Blesk s chvostíkom
ch1_20170730_172907_467_s61.jpg,19,0,28,162,Blesk s chvostíkom
ch1_20170730_172907_467_s61.jpg,34,0,46,162,Blesk
ch1_20170730_172907_467_s61.jpg,108,0,116,162,Blesk
ch1_20170730_172907_467_s61.jpg,130,0,142,162,Blesk
ch1_20170730_172907_467_s61.jpg,152,0,164,162,Blesk
ch1_20170730_172907_467_s61.jpg,176,0,187,162,Blesk
ch1_20170730_172907_467_s61.jpg,229,0,236,162,Blesk
ch1_20170730_172907_467_s61.jpg,241,0,253,162,Blesk s chvostíkom
ch1_20170730_172907_467_s61.jpg,344,0,352,162,Blesk
ch1_20170730_172907_467_s61.jpg,571,0,582,162,Blesk
ch1_20170730_172907_467_s61.jpg,609,0,619,162,Blesk
ch1_20170730_172907_467_s61.jpg,651,0,663,162,Blesk
ch1_20170730_172907_467_s61.jpg,664,0,674,162,Blesk
ch1_20170730_172907_467_s61.jpg,684,0,695,162,Blesk
ch1_20170730_172907_467_s61.jpg,1006,0,1017,162,Blesk
ch1_20170730_172907_467_s61.jpg,1171,0,1179,162,Blesk
ch1_20170730_172907_467_s61.jpg,1327,0,1338,162,Blesk
ch1_20170730_172907_467_s61.jpg,1395,0,1403,162,Blesk
ch1_20160830_190459_841_s102.jpg,743,0,760,162,Blesk
ch1_20160830_190459_841_s102.jpg,1080,0,1093,162,Blesk
ch1_20160830_190459_841_s102.jpg,1102,0,1114,162,Blesk
ch1_20160830_190459_841_s102.jpg,101,0,115,162,Blesk
ch1_20160830_190459_841_s102.jpg,166,0,185,162,Blesk s chvostíkom
ch1_20150902_232933_901_s68.jpg,61,0,71,162,Blesk
ch1_20150902_232933_901_s68.jpg,165,0,174,162,Blesk
ch1_20150902_232933_901_s68.jpg,268,0,280,162,Blesk
ch1_20150902_232933_901_s68.jpg,360,0,369,162,Blesk
ch1_20150902_232933_901_s68.jpg,474,0,509,162,Blesk s chvostíkom
ch1_20150902_232933_901_s68.jpg,405,0,414,162,Blesk
ch1_20150902_232933_901_s68.jpg,1045,0,1055,162,Blesk
ch1_20150902_232933_901_s68.jpg,1389,0,1400,162,Blesk
ch1_20150902_232933_901_s68.jpg,850,0,862,162,Blesk
ch1_20150902_232933_901_s68.jpg,698,0,707,162,Blesk
ch1_20150902_232933_901_s68.jpg,811,0,823,162,Blesk
ch1_20150902_232933_901_s68.jpg,779,0,789,162,Blesk
ch1_20150902_232933_901_s68.jpg,1239,0,1252,162,Blesk
ch1_20150902_232933_901_s68.jpg,601,0,611,162,Blesk
ch1_20150902_232933_901_s68.jpg,648,0,661,162,Blesk
ch1_20170702_163621_539_s49.jpg,317,0,331,162,Blesk
ch1_20170702_163621_539_s49.jpg,427,0,432,162,Blesk
ch1_20170702_163621_539_s49.jpg,399,0,406,162,Blesk
ch1_20170702_163621_539_s49.jpg,531,0,538,162,Blesk
ch1_20170702_163621_539_s49.jpg,372,0,380,162,Blesk
ch1_20150902_231933_448_s105.jpg,253,0,262,162,Blesk
ch1_20150902_231933_448_s105.jpg,438,0,449,162,Blesk
ch1_20150902_231933_448_s105.jpg,575,0,584,162,Blesk
ch1_20150902_231933_448_s105.jpg,587,0,596,162,Blesk
ch1_20150902_231933_448_s105.jpg,601,0,610,162,Blesk
ch1_20150902_231933_448_s105.jpg,671,0,678,162,Blesk
ch1_20150902_231933_448_s105.jpg,702,0,709,162,Blesk
ch1_20150902_231933_448_s105.jpg,728,0,736,162,Blesk
ch1_20150902_231933_448_s105.jpg,813,0,820,162,Blesk
ch1_20150902_231933_448_s105.jpg,835,0,844,162,Blesk
ch1_20150902_231933_448_s105.jpg,295,0,312,162,Blesk s chvostíkom
ch1_20150902_231933_448_s105.jpg,319,0,331,162,Blesk s chvostíkom
ch1_20150902_231933_448_s105.jpg,383,0,393,162,Blesk
ch1_20150902_231933_448_s105.jpg,336,0,345,162,Blesk
ch1_20170730_164905_817_s86.jpg,163,0,169,162,Blesk
ch1_20170730_164905_817_s86.jpg,591,0,599,162,Blesk
ch1_20170730_164905_817_s86.jpg,678,0,685,162,Blesk
ch1_20170730_164905_817_s86.jpg,763,0,769,162,Blesk
ch1_20170730_164905_817_s86.jpg,1090,0,1096,162,Blesk
ch1_20170730_164905_817_s86.jpg,903,0,909,162,Blesk
ch1_20170730_164905_817_s86.jpg,152,0,161,162,Blesk
ch1_20170730_164905_817_s86.jpg,1241,0,1247,162,Blesk
ch1_20180629_162855_294_s8.jpg,1103,0,1109,162,Blesk
ch1_20180629_162855_294_s8.jpg,1246,0,1253,162,Blesk
ch1_20180629_162855_294_s8.jpg,1210,0,1220,162,Blesk
ch1_20180629_162855_294_s8.jpg,1275,0,1284,162,Blesk
ch1_20180629_162855_294_s8.jpg,1285,0,1293,162,Blesk
ch1_20180629_162855_294_s8.jpg,1067,0,1077,162,Blesk
ch1_20180629_162855_294_s8.jpg,1048,0,1054,162,Blesk
ch1_20180629_162855_294_s8.jpg,1119,0,1126,162,Blesk
ch1_20180629_162855_294_s8.jpg,291,0,301,162,Blesk
ch1_20160802_163940_190_s143.jpg,621,0,629,162,Blesk
ch1_20160802_163940_190_s143.jpg,1364,0,1372,162,Blesk
ch1_20170730_171907_076_s111.jpg,22,0,32,162,Blesk
ch1_20170730_171907_076_s111.jpg,49,0,58,162,Blesk
ch1_20170730_171907_076_s111.jpg,64,0,72,162,Blesk
ch1_20170730_171907_076_s111.jpg,83,0,93,162,Blesk
ch1_20170730_171907_076_s111.jpg,152,0,160,162,Blesk
ch1_20170730_171907_076_s111.jpg,168,0,176,162,Blesk
ch1_20170730_171907_076_s111.jpg,181,0,189,162,Blesk
ch1_20170730_171907_076_s111.jpg,261,0,270,162,Blesk
ch1_20170730_171907_076_s111.jpg,311,0,322,162,Blesk
ch1_20170730_171907_076_s111.jpg,548,0,557,162,Blesk
ch1_20170730_171907_076_s111.jpg,576,0,584,162,Blesk
ch1_20170730_171907_076_s111.jpg,850,0,858,162,Blesk
ch1_20170730_171907_076_s111.jpg,917,0,924,162,Blesk
ch1_20170730_171907_076_s111.jpg,925,0,932,162,Blesk
ch1_20170730_171907_076_s111.jpg,1026,0,1034,162,Blesk
ch1_20170730_171907_076_s111.jpg,1061,0,1070,162,Blesk
ch1_20170730_171907_076_s111.jpg,1110,0,1118,162,Blesk
ch1_20170730_171907_076_s111.jpg,1150,0,1158,162,Blesk
ch1_20170730_171907_076_s111.jpg,1190,0,1200,162,Blesk
ch1_20170730_171907_076_s111.jpg,1308,0,1316,162,Blesk
ch1_20170730_171907_076_s111.jpg,1325,0,1333,162,Blesk
ch1_20170730_171907_076_s111.jpg,1339,0,1346,162,Blesk
ch1_20170730_171907_076_s111.jpg,201,0,211,162,Blesk s chvostíkom
ch1_20150915_190834_313_s140.jpg,601,0,610,162,Blesk
ch1_20150915_190834_313_s140.jpg,675,0,684,162,Blesk
ch1_20150915_190834_313_s140.jpg,729,0,740,162,Blesk
ch1_20150915_190834_313_s140.jpg,789,0,799,162,Blesk
ch1_20150915_190834_313_s140.jpg,826,0,833,162,Blesk
ch1_20150915_190834_313_s140.jpg,936,0,945,162,Blesk
ch1_20150915_190834_313_s140.jpg,1112,0,1123,162,Blesk
ch1_20150915_190834_313_s140.jpg,1202,0,1210,162,Blesk
ch1_20150915_190834_313_s140.jpg,1225,0,1230,162,Blesk
ch1_20150915_190834_313_s140.jpg,1244,0,1251,162,Blesk
ch1_20160814_151726_036_s69.jpg,834,0,844,162,Blesk
ch1_20160814_151726_036_s69.jpg,1063,0,1072,162,Blesk
ch1_20160814_151726_036_s69.jpg,1202,0,1210,162,Blesk s chvostíkom
ch1_20160814_151726_036_s69.jpg,1353,0,1362,162,Blesk
ch1_20170714_160325_604_s119.jpg,1132,0,1146,162,Blesk
ch1_20170714_160325_604_s119.jpg,451,0,465,162,Blesk
ch1_20170714_160325_604_s119.jpg,351,0,364,162,Blesk
ch1_20170714_160325_604_s119.jpg,108,0,119,162,Blesk
ch1_20170714_160325_604_s119.jpg,748,0,759,162,Blesk
ch1_20170714_153824_509_s134.jpg,841,0,853,162,Blesk
ch1_20170714_153824_509_s134.jpg,958,0,968,162,Blesk
ch1_20170714_153824_509_s134.jpg,1005,0,1013,162,Blesk
ch1_20180602_203728_547_s22.jpg,1010,0,1033,162,Blesk s chvostíkom
ch1_20180602_203728_547_s22.jpg,1061,0,1077,162,Blesk s chvostíkom
ch1_20180602_203728_547_s22.jpg,1116,0,1139,162,Blesk s chvostíkom
ch1_20180602_203728_547_s22.jpg,1147,0,1164,162,Blesk s chvostíkom
ch1_20180602_203728_547_s22.jpg,1193,0,1213,162,Blesk s chvostíkom
ch1_20180602_203728_547_s22.jpg,813,0,821,162,Blesk
ch1_20180602_203728_547_s22.jpg,802,0,808,162,Blesk
ch1_20180602_203728_547_s22.jpg,579,0,587,162,Blesk
ch1_20180602_203728_547_s22.jpg,415,0,429,162,Blesk
ch1_20160830_193000_969_s2.jpg,139,0,155,162,Blesk
ch1_20160830_193000_969_s2.jpg,790,0,817,162,Blesk s chvostíkom
ch1_20160830_193000_969_s2.jpg,829,0,848,162,Blesk
ch1_20160830_193000_969_s2.jpg,1006,0,1021,162,Blesk
ch1_20160830_193000_969_s2.jpg,1091,0,1107,162,Blesk s chvostíkom
ch1_20160830_193000_969_s2.jpg,1148,0,1164,162,Blesk s chvostíkom
ch1_20160830_193000_969_s2.jpg,1220,0,1241,162,Blesk s chvostíkom
ch1_20160830_193000_969_s2.jpg,1269,0,1288,162,Blesk
ch1_20160830_193000_969_s2.jpg,1374,0,1391,162,Blesk
ch1_20170702_164121_739_s104.jpg,665,0,674,162,Blesk
ch1_20170714_152824_067_s76.jpg,734,0,740,162,Blesk
ch1_20170714_152824_067_s76.jpg,1235,0,1242,162,Blesk
ch1_20170714_152824_067_s76.jpg,1335,0,1341,162,Blesk
ch1_20170714_152824_067_s76.jpg,1368,0,1374,162,Blesk
ch1_20170714_152824_067_s76.jpg,1346,0,1353,162,Blesk
ch1_20150915_190334_086_s120.jpg,30,0,36,162,Blesk
ch1_20150915_190334_086_s120.jpg,449,0,462,162,Blesk
ch1_20150915_190334_086_s120.jpg,616,0,625,162,Blesk
ch1_20170702_161620_729_s125.jpg,1259,0,1266,162,Blesk
ch1_20170702_161620_729_s125.jpg,1273,0,1281,162,Blesk
ch1_20170702_161620_729_s3.jpg,230,0,242,162,Blesk
ch1_20180602_205229_138_s14.jpg,1310,0,1319,162,Blesk
ch1_20180602_205229_138_s14.jpg,312,0,323,162,Blesk
ch1_20180602_205229_138_s14.jpg,234,0,264,162,Blesk s chvostíkom
ch1_20180602_203228_351_s90.jpg,227,0,237,162,Blesk
ch1_20180602_203228_351_s90.jpg,285,0,295,162,Blesk
ch1_20180602_203228_351_s90.jpg,302,0,309,162,Blesk
ch1_20180602_203228_351_s90.jpg,393,0,402,162,Blesk
ch1_20180602_203228_351_s90.jpg,905,0,914,162,Blesk
ch1_20180602_203228_351_s90.jpg,112,0,135,162,Blesk s chvostíkom
ch1_20180602_203228_351_s90.jpg,983,0,988,162,Blesk
ch1_20150927_141634_991_s121.jpg,78,0,86,162,Blesk
ch1_20150927_141634_991_s121.jpg,118,0,134,162,Blesk
ch1_20150927_141634_991_s121.jpg,178,0,190,162,Blesk
ch1_20150927_141634_991_s121.jpg,227,0,235,162,Blesk
ch1_20150927_141634_991_s121.jpg,191,0,199,162,Blesk
ch1_20150927_141634_991_s121.jpg,348,0,359,162,Blesk
ch1_20150927_141634_991_s121.jpg,393,0,404,162,Blesk
ch1_20150927_141634_991_s121.jpg,763,0,775,162,Blesk
ch1_20150927_141634_991_s121.jpg,853,0,866,162,Blesk
ch1_20150927_141634_991_s121.jpg,935,0,947,162,Blesk
ch1_20150927_141634_991_s121.jpg,1062,0,1070,162,Blesk
ch1_20150927_141634_991_s121.jpg,1220,0,1231,162,Blesk
ch1_20150927_141634_991_s121.jpg,1348,0,1359,162,Blesk
ch1_20150927_141634_991_s121.jpg,1373,0,1381,162,Blesk
ch1_20180629_160854_456_s48.jpg,1193,0,1208,162,Blesk
ch1_20180629_160854_456_s48.jpg,1123,0,1138,162,Blesk
ch1_20180629_160854_456_s48.jpg,1222,0,1232,162,Blesk
ch1_20180629_160854_456_s48.jpg,1066,0,1074,162,Blesk
ch1_20180629_160854_456_s48.jpg,409,0,417,162,Blesk
ch1_20180629_160854_456_s48.jpg,218,0,226,162,Blesk
ch1_20180629_160854_456_s48.jpg,1097,0,1106,162,Blesk
ch1_20180602_204728_939_s146.jpg,1192,0,1209,162,Blesk
ch1_20180602_204728_939_s146.jpg,1263,0,1277,162,Blesk
ch1_20180602_204728_939_s146.jpg,232,0,250,162,Blesk
ch1_20180602_204728_939_s146.jpg,492,0,507,162,Blesk
ch1_20170715_121917_931_s45.jpg,344,0,358,162,Blesk
ch1_20160802_161439_103_s55.jpg,736,0,747,162,Blesk
ch1_20160802_161439_103_s55.jpg,1398,0,1414,162,Blesk
ch1_20160802_161439_103_s55.jpg,478,0,489,162,Blesk
ch1_20160802_161439_103_s55.jpg,218,0,229,162,Blesk
ch1_20160802_161439_103_s55.jpg,634,0,643,162,Blesk
ch1_20160802_161439_103_s55.jpg,1235,0,1244,162,Blesk
ch1_20160802_161439_103_s55.jpg,94,0,104,162,Blesk
ch1_20160802_161439_103_s55.jpg,551,0,558,162,Blesk
ch1_20150927_134633_618_s90.jpg,121,0,139,162,Blesk
ch1_20150927_134633_618_s90.jpg,896,0,914,162,Blesk
ch1_20150927_134633_618_s90.jpg,172,0,194,162,Blesk
ch1_20150927_134633_618_s90.jpg,926,0,942,162,Blesk
ch1_20150927_134633_618_s90.jpg,597,0,614,162,Blesk
ch1_20150927_134633_618_s90.jpg,948,0,970,162,Blesk
ch1_20180629_160354_248_s24.jpg,138,0,150,162,Blesk
ch1_20180629_160354_248_s24.jpg,101,0,113,162,Blesk
ch1_20180629_160354_248_s24.jpg,79,0,87,162,Blesk
ch1_20180629_160354_248_s24.jpg,65,0,75,162,Blesk
ch1_20180629_160354_248_s24.jpg,1385,0,1397,162,Blesk
ch1_20180629_160354_248_s24.jpg,805,0,818,162,Blesk
ch1_20180629_160354_248_s24.jpg,741,0,751,162,Blesk
ch1_20180629_160354_248_s24.jpg,512,0,523,162,Blesk
ch1_20180629_160354_248_s24.jpg,294,0,304,162,Blesk
ch1_20180629_160354_248_s24.jpg,448,0,457,162,Blesk
ch1_20180629_160354_248_s24.jpg,632,0,640,162,Blesk
ch1_20180629_160354_248_s24.jpg,703,0,713,162,Blesk
ch1_20180629_160354_248_s24.jpg,776,0,785,162,Blesk
ch1_20180629_160354_248_s24.jpg,761,0,769,162,Blesk
ch1_20180629_160354_248_s24.jpg,596,0,605,162,Blesk
ch1_20180629_160354_248_s24.jpg,1075,0,1086,162,Blesk
ch1_20180629_160354_248_s24.jpg,1241,0,1249,162,Blesk
ch1_20180629_160354_248_s24.jpg,1206,0,1217,162,Blesk
ch1_20180629_160354_248_s24.jpg,401,0,412,162,Blesk
ch1_20180629_160354_248_s24.jpg,883,0,893,162,Blesk
ch1_20170715_124418_989_s28.jpg,1237,0,1248,162,Blesk
ch1_20170715_124418_989_s28.jpg,261,0,272,162,Blesk
ch1_20170715_124418_989_s28.jpg,220,0,231,162,Blesk
ch1_20170715_124418_989_s28.jpg,137,0,146,162,Blesk
ch1_20170715_124418_989_s28.jpg,129,0,137,162,Blesk
ch1_20170715_122918_365_s77.jpg,255,0,263,162,Blesk
ch1_20170715_122918_365_s77.jpg,690,0,698,162,Blesk
ch1_20170715_122918_365_s77.jpg,920,0,928,162,Blesk
ch1_20170715_122918_365_s77.jpg,552,0,560,162,Blesk
ch1_20180602_211229_947_s86.jpg,153,0,180,162,Blesk s chvostíkom
ch1_20180602_211229_947_s86.jpg,264,0,285,162,Blesk
ch1_20180602_211229_947_s86.jpg,291,0,315,162,Blesk
ch1_20180602_211229_947_s86.jpg,353,0,371,162,Blesk
ch1_20180602_211229_947_s86.jpg,418,0,435,162,Blesk
ch1_20180602_211229_947_s86.jpg,445,0,466,162,Blesk
ch1_20180602_211229_947_s86.jpg,507,0,528,162,Blesk
ch1_20180602_211229_947_s86.jpg,775,0,790,162,Blesk
ch1_20180602_211229_947_s86.jpg,821,0,845,162,Blesk s chvostíkom
ch1_20180602_211229_947_s86.jpg,859,0,873,162,Blesk s chvostíkom
ch1_20180602_211229_947_s86.jpg,1303,0,1318,162,Blesk
ch1_20180602_211229_947_s86.jpg,1327,0,1336,162,Blesk
ch1_20180602_211229_947_s86.jpg,1342,0,1351,162,Blesk
ch1_20180602_211229_947_s86.jpg,937,0,947,162,Blesk
ch1_20180602_211229_947_s86.jpg,700,0,714,162,Blesk
ch1_20160802_160938_887_s145.jpg,457,0,467,162,Blesk
ch1_20160802_160938_887_s145.jpg,212,0,220,162,Blesk
ch1_20160802_160938_887_s145.jpg,1231,0,1248,162,Blesk s chvostíkom
ch1_20180615_200005_654_s48.jpg,31,0,40,162,Blesk
ch1_20180615_200005_654_s48.jpg,130,0,162,162,Blesk s chvostíkom
ch1_20180615_200005_654_s48.jpg,257,0,279,162,Blesk s chvostíkom
ch1_20180615_200005_654_s48.jpg,316,0,325,162,Blesk
ch1_20180615_200005_654_s48.jpg,764,0,776,162,Blesk
ch1_20180615_200005_654_s48.jpg,851,0,873,162,Blesk s chvostíkom
ch1_20180615_200005_654_s48.jpg,1130,0,1151,162,Blesk
ch1_20180615_200005_654_s48.jpg,1242,0,1253,162,Blesk
ch1_20160802_162939_758_s82.jpg,798,0,818,162,Blesk
ch1_20160802_162939_758_s82.jpg,168,0,192,162,Blesk
ch1_20160802_162939_758_s82.jpg,26,0,43,162,Blesk
ch1_20160802_162939_758_s82.jpg,99,0,116,162,Blesk
ch1_20160802_162939_758_s82.jpg,54,0,74,162,Blesk
ch1_20150902_231933_448_s115.jpg,141,0,150,162,Blesk
ch1_20150902_231933_448_s115.jpg,452,0,462,162,Blesk
ch1_20150902_231933_448_s115.jpg,583,0,593,162,Blesk
ch1_20150902_231933_448_s115.jpg,594,0,602,162,Blesk
ch1_20150902_231933_448_s115.jpg,679,0,688,162,Blesk
ch1_20150902_231933_448_s115.jpg,825,0,833,162,Blesk
ch1_20150902_231933_448_s115.jpg,836,0,845,162,Blesk
ch1_20150902_231933_448_s115.jpg,863,0,876,162,Blesk
ch1_20150902_231933_448_s115.jpg,895,0,918,162,Blesk s chvostíkom
ch1_20150902_231933_448_s115.jpg,938,0,950,162,Blesk
ch1_20150902_231933_448_s115.jpg,1063,0,1084,162,Blesk s chvostíkom
ch1_20150902_231933_448_s115.jpg,1086,0,1127,162,Blesk s chvostíkom
ch1_20150902_231933_448_s115.jpg,1150,0,1180,162,Blesk s chvostíkom
ch1_20150902_231933_448_s115.jpg,1246,0,1259,162,Blesk
ch1_20150902_231933_448_s115.jpg,1266,0,1280,162,Blesk
ch1_20150902_230432_765_s52.jpg,759,0,769,162,Blesk
ch1_20150902_230432_765_s52.jpg,1152,0,1162,162,Blesk
ch1_20150902_230432_765_s52.jpg,546,0,575,162,Blesk s chvostíkom
ch1_20150902_230432_765_s52.jpg,145,0,173,162,Blesk s chvostíkom
ch1_20150902_230432_765_s52.jpg,36,0,54,162,Blesk s chvostíkom
ch1_20150902_230432_765_s52.jpg,86,0,102,162,Blesk s chvostíkom
ch1_20150902_230432_765_s52.jpg,218,0,230,162,Blesk
ch1_20150902_230432_765_s52.jpg,510,0,520,162,Blesk
ch1_20150902_230432_765_s52.jpg,988,0,998,162,Blesk
ch1_20150902_230432_765_s52.jpg,682,0,691,162,Blesk
ch1_20150902_230432_765_s52.jpg,1218,0,1228,162,Blesk
ch1_20150927_141134_762_s114.jpg,1397,0,1411,162,Blesk
ch1_20150927_141134_762_s114.jpg,1076,0,1084,162,Blesk
ch1_20150927_141134_762_s114.jpg,1371,0,1380,162,Blesk
ch1_20150927_141134_762_s114.jpg,816,0,829,162,Blesk
ch1_20150927_141134_762_s114.jpg,609,0,619,162,Blesk
ch1_20150927_141134_762_s114.jpg,860,0,869,162,Blesk
ch1_20150927_141134_762_s114.jpg,1171,0,1179,162,Blesk
ch1_20180614_115346_659_s30.jpg,281,0,290,162,Blesk
ch1_20180614_115346_659_s30.jpg,341,0,348,162,Blesk
ch1_20180614_115346_659_s30.jpg,376,0,385,162,Blesk
ch1_20180614_115346_659_s30.jpg,514,0,521,162,Blesk
ch1_20180614_115346_659_s30.jpg,601,0,612,162,Blesk
ch1_20180614_115346_659_s30.jpg,674,0,682,162,Blesk
ch1_20180614_115346_659_s30.jpg,640,0,646,162,Blesk
ch1_20180614_115346_659_s30.jpg,763,0,771,162,Blesk
ch1_20180614_115346_659_s30.jpg,834,0,841,162,Blesk
ch1_20180614_115346_659_s30.jpg,902,0,909,162,Blesk
ch1_20180614_115346_659_s30.jpg,1123,0,1130,162,Blesk
ch1_20180614_115346_659_s30.jpg,859,0,868,162,Blesk
ch1_20160830_194001_403_s70.jpg,129,0,137,162,Blesk
ch1_20160830_194001_403_s70.jpg,140,0,164,162,Blesk s chvostíkom
ch1_20160830_194001_403_s70.jpg,1385,0,1410,162,Blesk s chvostíkom
ch1_20160830_194001_403_s70.jpg,1377,0,1387,162,Blesk
ch1_20160830_194001_403_s70.jpg,960,0,971,162,Blesk
ch1_20160830_194001_403_s70.jpg,921,0,933,162,Blesk
ch1_20160830_194001_403_s70.jpg,456,0,464,162,Blesk
ch1_20160830_194001_403_s70.jpg,441,0,449,162,Blesk
ch1_20160830_194001_403_s70.jpg,1160,0,1170,162,Blesk
ch1_20160830_194001_403_s70.jpg,1293,0,1301,162,Blesk
ch1_20160830_194001_403_s70.jpg,1243,0,1252,162,Blesk
ch1_20180615_202006_477_s110.jpg,132,0,139,162,Blesk
ch1_20180615_202006_477_s110.jpg,223,0,232,162,Blesk
ch1_20180615_202006_477_s110.jpg,295,0,305,162,Blesk
ch1_20180615_202006_477_s110.jpg,422,0,432,162,Blesk
ch1_20180615_202006_477_s110.jpg,966,0,980,162,Blesk s chvostíkom
ch1_20180615_202006_477_s110.jpg,893,0,904,162,Blesk
ch1_20180615_202006_477_s110.jpg,758,0,773,162,Blesk
ch1_20180615_202006_477_s110.jpg,1305,0,1314,162,Blesk
ch1_20180615_202006_477_s110.jpg,1361,0,1368,162,Blesk
ch1_20180615_202006_477_s110.jpg,673,0,679,162,Blesk
ch1_20180602_212730_544_s44.jpg,84,0,112,162,Blesk
ch1_20180602_212730_544_s44.jpg,1156,0,1184,162,Blesk s chvostíkom
ch1_20150915_192335_000_s120.jpg,258,0,266,162,Blesk
ch1_20150915_192335_000_s120.jpg,303,0,312,162,Blesk
ch1_20150915_192335_000_s120.jpg,376,0,384,162,Blesk
ch1_20150915_192335_000_s120.jpg,785,0,791,162,Blesk
ch1_20150915_192335_000_s120.jpg,827,0,835,162,Blesk
ch1_20150915_192335_000_s120.jpg,958,0,967,162,Blesk
ch1_20150915_192335_000_s120.jpg,974,0,985,162,Blesk
ch1_20150915_192335_000_s120.jpg,1179,0,1188,162,Blesk
ch1_20150915_192335_000_s120.jpg,1249,0,1257,162,Blesk
ch1_20150915_192335_000_s120.jpg,1267,0,1273,162,Blesk
ch1_20150915_192335_000_s120.jpg,1285,0,1293,162,Blesk
ch1_20150915_192335_000_s120.jpg,1329,0,1337,162,Blesk
ch1_20150915_192335_000_s120.jpg,1337,0,1345,162,Blesk
ch1_20150915_192335_000_s120.jpg,1225,0,1233,162,Blesk
ch1_20150915_192335_000_s120.jpg,989,0,996,162,Blesk
ch1_20170714_160825_818_s98.jpg,1397,0,1407,162,Blesk
ch1_20170714_160825_818_s98.jpg,1343,0,1354,162,Blesk
ch1_20170714_160825_818_s98.jpg,1245,0,1257,162,Blesk
ch1_20170714_160825_818_s98.jpg,816,0,827,162,Blesk
ch1_20170714_160825_818_s98.jpg,174,0,183,162,Blesk
ch1_20170714_160825_818_s98.jpg,161,0,171,162,Blesk
ch1_20170714_160825_818_s98.jpg,1014,0,1023,162,Blesk
ch1_20170714_160825_818_s98.jpg,914,0,922,162,Blesk
ch1_20170730_171406_868_s135.jpg,855,0,863,162,Blesk
ch1_20170730_171406_868_s135.jpg,440,0,446,162,Blesk
ch1_20170730_171406_868_s135.jpg,604,0,610,162,Blesk
ch1_20170730_171406_868_s135.jpg,726,0,733,162,Blesk
ch1_20170730_171406_868_s135.jpg,792,0,800,162,Blesk s chvostíkom
ch1_20170730_171406_868_s135.jpg,810,0,818,162,Blesk
ch1_20170730_171406_868_s135.jpg,588,0,594,162,Blesk
ch1_20170730_171406_868_s135.jpg,240,0,249,162,Blesk
ch1_20170730_171406_868_s135.jpg,223,0,237,162,Blesk s chvostíkom
ch1_20170715_130419_865_s60.jpg,785,0,798,162,Blesk
ch1_20170715_130419_865_s60.jpg,906,0,915,162,Blesk
ch1_20170715_130419_865_s60.jpg,894,0,904,162,Blesk
ch1_20170715_130419_865_s60.jpg,1402,0,1408,162,Blesk
ch1_20170715_130419_865_s60.jpg,352,0,359,162,Blesk
ch1_20170715_130419_865_s60.jpg,595,0,601,162,Blesk
ch1_20150915_191334_545_s113.jpg,33,0,41,162,Blesk
ch1_20150915_191334_545_s113.jpg,116,0,127,162,Blesk
ch1_20150915_191334_545_s113.jpg,196,0,209,162,Blesk s chvostíkom
ch1_20150915_191334_545_s113.jpg,579,0,591,162,Blesk
ch1_20150915_191334_545_s113.jpg,614,0,630,162,Blesk s chvostíkom
ch1_20150915_191334_545_s113.jpg,774,0,786,162,Blesk
ch1_20150915_191334_545_s113.jpg,1274,0,1288,162,Blesk s chvostíkom
ch1_20170714_153324_283_s105.jpg,902,0,921,162,Blesk
ch1_20170714_153324_283_s105.jpg,982,0,991,162,Blesk
ch1_20170714_153324_283_s105.jpg,1246,0,1258,162,Blesk
ch1_20170714_153324_283_s105.jpg,757,0,765,162,Blesk
ch1_20180614_120347_066_s134.jpg,761,0,774,162,Blesk
ch1_20180614_120347_066_s134.jpg,908,0,918,162,Blesk
ch1_20180614_120347_066_s134.jpg,1028,0,1050,162,Blesk s chvostíkom
ch1_20180614_120347_066_s134.jpg,1120,0,1137,162,Blesk
ch1_20180614_120347_066_s134.jpg,1056,0,1067,162,Blesk
ch1_20180614_120347_066_s134.jpg,1077,0,1087,162,Blesk
ch1_20180614_120347_066_s134.jpg,1087,0,1102,162,Blesk
ch1_20180602_205229_138_s102.jpg,233,0,255,162,Blesk s chvostíkom
ch1_20180602_205229_138_s102.jpg,265,0,278,162,Blesk
ch1_20180602_205229_138_s102.jpg,759,0,775,162,Blesk
ch1_20170730_164405_618_s138.jpg,69,0,83,162,Blesk
ch1_20170730_164405_618_s138.jpg,511,0,522,162,Blesk
ch1_20170730_164405_618_s138.jpg,555,0,561,162,Blesk
ch1_20170730_164405_618_s138.jpg,574,0,580,162,Blesk
ch1_20170730_164405_618_s138.jpg,1130,0,1140,162,Blesk
ch1_20170730_164405_618_s138.jpg,1206,0,1215,162,Blesk
ch1_20170730_164405_618_s138.jpg,1293,0,1300,162,Blesk
ch1_20170730_164405_618_s138.jpg,1313,0,1320,162,Blesk
ch1_20170730_164405_618_s138.jpg,1320,0,1327,162,Blesk
ch1_20170730_164405_618_s138.jpg,1339,0,1348,162,Blesk
ch1_20170730_164405_618_s138.jpg,40,0,50,162,Blesk
ch1_20170730_164405_618_s138.jpg,1052,0,1062,162,Blesk
ch1_20170730_164405_618_s138.jpg,1064,0,1071,162,Blesk
ch1_20170730_164405_618_s138.jpg,1183,0,1190,162,Blesk
ch1_20170730_164405_618_s138.jpg,1267,0,1277,162,Blesk
ch1_20180602_211229_947_s68.jpg,1370,0,1393,162,Blesk s chvostíkom
ch1_20180602_211229_947_s68.jpg,692,0,700,162,Blesk
ch1_20180602_211229_947_s68.jpg,199,0,210,162,Blesk
ch1_20180602_211229_947_s68.jpg,484,0,493,162,Blesk
ch1_20180602_211229_947_s68.jpg,535,0,543,162,Blesk
ch1_20180602_211229_947_s68.jpg,1173,0,1178,162,Blesk
ch1_20150915_192835_228_s15.jpg,87,0,94,162,Blesk
ch1_20150915_192835_228_s15.jpg,56,0,64,162,Blesk
ch1_20150915_192835_228_s15.jpg,462,0,471,162,Blesk
ch1_20150915_192835_228_s15.jpg,683,0,690,162,Blesk
ch1_20150915_192835_228_s15.jpg,579,0,589,162,Blesk
ch1_20150915_192835_228_s15.jpg,858,0,868,162,Blesk
ch1_20150915_192835_228_s15.jpg,732,0,739,162,Blesk
ch1_20150915_192835_228_s15.jpg,784,0,794,162,Blesk
ch1_20150915_192835_228_s15.jpg,934,0,947,162,Blesk
ch1_20150915_192835_228_s15.jpg,1062,0,1070,162,Blesk
ch1_20150915_192835_228_s15.jpg,1250,0,1255,162,Blesk
ch1_20170715_121417_713_s88.jpg,602,0,615,162,Blesk
ch1_20150914_130712_016_s102.jpg,454,0,471,162,Blesk
ch1_20150914_130712_016_s102.jpg,583,0,599,162,Blesk
ch1_20150914_130712_016_s102.jpg,1088,0,1107,162,Blesk
ch1_20150914_130712_016_s102.jpg,1218,0,1236,162,Blesk
ch1_20150914_130712_016_s102.jpg,1376,0,1396,162,Blesk
ch1_20150914_130712_016_s102.jpg,422,0,433,162,Blesk
ch1_20150914_130712_016_s102.jpg,433,0,445,162,Blesk
ch1_20150914_130712_016_s102.jpg,793,0,811,162,Blesk
ch1_20150914_130712_016_s102.jpg,760,0,782,162,Blesk
ch1_20150914_130712_016_s102.jpg,707,0,717,162,Blesk
ch1_20150914_130712_016_s102.jpg,490,0,506,162,Blesk
ch1_20150914_130712_016_s102.jpg,137,0,156,162,Blesk
ch1_20150914_130712_016_s102.jpg,20,0,33,162,Blesk
ch1_20150914_130712_016_s102.jpg,103,0,119,162,Blesk
ch1_20150914_130712_016_s102.jpg,558,0,573,162,Blesk
ch1_20150914_130712_016_s102.jpg,909,0,921,162,Blesk
ch1_20150914_130712_016_s102.jpg,999,0,1013,162,Blesk
ch1_20150914_130712_016_s102.jpg,1130,0,1145,162,Blesk
ch1_20150914_130712_016_s102.jpg,158,0,174,162,Blesk
ch1_20150914_130712_016_s102.jpg,1156,0,1168,162,Blesk
ch1_20150914_130712_016_s102.jpg,1200,0,1216,162,Blesk
ch1_20150914_130712_016_s102.jpg,1324,0,1339,162,Blesk
ch1_20160802_162439_544_s91.jpg,712,0,725,162,Blesk
ch1_20160802_162439_544_s91.jpg,1007,0,1013,162,Blesk
ch1_20160802_162439_544_s91.jpg,851,0,860,162,Blesk
ch1_20160802_162439_544_s91.jpg,1030,0,1036,162,Blesk
ch1_20160802_160438_660_s63.jpg,288,0,297,162,Blesk
ch1_20160802_160438_660_s63.jpg,300,0,311,162,Blesk
ch1_20170702_161620_729_s98.jpg,180,0,195,162,Blesk
ch1_20170702_161620_729_s98.jpg,202,0,214,162,Blesk
ch1_20170702_161620_729_s98.jpg,1325,0,1336,162,Blesk
ch1_20170730_165906_238_s79.jpg,299,0,316,162,Blesk
ch1_20170730_165906_238_s79.jpg,415,0,431,162,Blesk
ch1_20170730_165906_238_s79.jpg,376,0,391,162,Blesk
ch1_20170730_165906_238_s79.jpg,359,0,367,162,Blesk
ch1_20170730_165906_238_s79.jpg,338,0,350,162,Blesk
ch1_20150902_230932_991_s81.jpg,20,0,36,162,Blesk s chvostíkom
ch1_20150902_230932_991_s81.jpg,84,0,97,162,Blesk
ch1_20150902_230932_991_s81.jpg,536,0,554,162,Blesk
ch1_20150902_230932_991_s81.jpg,768,0,780,162,Blesk s chvostíkom
ch1_20150902_230932_991_s81.jpg,785,0,800,162,Blesk s chvostíkom
ch1_20150902_230932_991_s81.jpg,808,0,824,162,Blesk
ch1_20150902_230932_991_s81.jpg,837,0,850,162,Blesk
ch1_20150902_230932_991_s81.jpg,856,0,870,162,Blesk
ch1_20150902_230932_991_s81.jpg,890,0,904,162,Blesk
ch1_20150902_230932_991_s81.jpg,1032,0,1040,162,Blesk
ch1_20150902_230932_991_s81.jpg,1046,0,1055,162,Blesk
ch1_20150902_230932_991_s81.jpg,1085,0,1098,162,Blesk
ch1_20150902_230932_991_s81.jpg,1114,0,1126,162,Blesk
ch1_20150902_230932_991_s81.jpg,1138,0,1151,162,Blesk
ch1_20150902_230932_991_s81.jpg,1159,0,1169,162,Blesk
ch1_20150902_230932_991_s81.jpg,1178,0,1193,162,Blesk
ch1_20150902_230932_991_s81.jpg,1195,0,1207,162,Blesk
ch1_20150902_230932_991_s81.jpg,1209,0,1216,162,Blesk
ch1_20150902_230932_991_s81.jpg,1222,0,1227,162,Blesk
ch1_20150902_230932_991_s81.jpg,1255,0,1269,162,Blesk s chvostíkom
ch1_20150902_230932_991_s81.jpg,1279,0,1289,162,Blesk s chvostíkom
ch1_20150902_230932_991_s81.jpg,1304,0,1314,162,Blesk
ch1_20150902_230932_991_s81.jpg,1318,0,1328,162,Blesk
ch1_20150902_230932_991_s81.jpg,1341,0,1350,162,Blesk
ch1_20150902_230932_991_s81.jpg,1352,0,1360,162,Blesk
ch1_20150902_230932_991_s81.jpg,1369,0,1378,162,Blesk
ch1_20150902_230932_991_s81.jpg,1388,0,1399,162,Blesk
ch1_20150902_230932_991_s81.jpg,1404,0,1415,162,Blesk
ch1_20170715_130419_865_s60.jpg,787,0,794,162,Blesk
ch1_20170715_130419_865_s60.jpg,894,0,901,162,Blesk
ch1_20170715_130419_865_s60.jpg,906,0,915,162,Blesk
ch1_20170715_130419_865_s60.jpg,594,0,603,162,Blesk
ch1_20170715_130419_865_s60.jpg,1400,0,1409,162,Blesk
ch1_20170715_130419_865_s60.jpg,352,0,360,162,Blesk
ch1_20170715_130419_865_s60.jpg,1258,0,1265,162,Blesk
ch1_20150927_133633_163_s48.jpg,1088,0,1117,162,Blesk
ch1_20150927_133633_163_s48.jpg,601,0,616,162,Blesk
ch1_20150927_133633_163_s48.jpg,272,0,289,162,Blesk
ch1_20150927_133633_163_s48.jpg,1158,0,1171,162,Blesk
ch1_20150927_133633_163_s48.jpg,667,0,680,162,Blesk
ch1_20150927_133633_163_s48.jpg,551,0,575,162,Blesk
ch1_20150927_133633_163_s48.jpg,583,0,595,162,Blesk
ch1_20150927_133633_163_s48.jpg,1141,0,1155,162,Blesk
ch1_20180615_202506_686_s20.jpg,-37,0,9,162,Blesk
ch1_20180615_202506_686_s20.jpg,344,0,360,162,Blesk s chvostíkom
ch1_20180615_202506_686_s20.jpg,504,0,541,162,Blesk s chvostíkom
ch1_20180615_202506_686_s20.jpg,717,0,751,162,Blesk s chvostíkom
ch1_20180615_202506_686_s20.jpg,670,0,691,162,Blesk s chvostíkom
ch1_20180615_202506_686_s20.jpg,577,0,605,162,Blesk s chvostíkom
ch1_20180615_202506_686_s20.jpg,965,0,994,162,Blesk s chvostíkom
ch1_20180615_202506_686_s20.jpg,370,0,383,162,Blesk
ch1_20180615_202506_686_s20.jpg,772,0,796,162,Blesk
ch1_20180615_202506_686_s20.jpg,142,0,152,162,Blesk
ch1_20180615_202506_686_s20.jpg,870,0,891,162,Blesk
ch1_20170714_155325_160_s107.jpg,224,0,231,162,Blesk
ch1_20170714_155325_160_s107.jpg,474,0,483,162,Blesk
ch1_20170714_155325_160_s107.jpg,543,0,552,162,Blesk
ch1_20170714_155325_160_s107.jpg,679,0,687,162,Blesk
ch1_20170714_155325_160_s107.jpg,847,0,854,162,Blesk
ch1_20170714_155325_160_s107.jpg,910,0,919,162,Blesk
ch1_20170714_155325_160_s107.jpg,938,0,949,162,Blesk
ch1_20170714_155325_160_s107.jpg,995,0,1003,162,Blesk
ch1_20170714_155325_160_s107.jpg,1035,0,1042,162,Blesk
ch1_20170714_155325_160_s107.jpg,1088,0,1099,162,Blesk
ch1_20170714_155325_160_s107.jpg,1216,0,1225,162,Blesk
ch1_20170714_155325_160_s107.jpg,1281,0,1289,162,Blesk
ch1_20170714_155325_160_s107.jpg,1367,0,1376,162,Blesk
ch1_20180615_200505_862_s56.jpg,838,0,879,162,Blesk s chvostíkom
ch1_20180615_200505_862_s56.jpg,885,0,896,162,Blesk
ch1_20180615_200505_862_s56.jpg,1062,0,1071,162,Blesk
ch1_20180615_200505_862_s56.jpg,474,0,482,162,Blesk
ch1_20180615_200505_862_s56.jpg,386,0,393,162,Blesk
ch1_20180615_200505_862_s56.jpg,216,0,224,162,Blesk
ch1_20180629_161354_665_s16.jpg,548,0,558,162,Blesk
ch1_20180629_161354_665_s16.jpg,624,0,633,162,Blesk
ch1_20180629_161354_665_s16.jpg,415,0,424,162,Blesk
ch1_20180629_161354_665_s16.jpg,351,0,360,162,Blesk
ch1_20180629_161354_665_s16.jpg,374,0,379,162,Blesk
ch1_20160830_191500_286_s90.jpg,326,0,346,162,Blesk s chvostíkom
ch1_20160830_191500_286_s90.jpg,309,0,319,162,Blesk
ch1_20160830_191500_286_s90.jpg,444,0,467,162,Blesk s chvostíkom
ch1_20160830_191500_286_s90.jpg,906,0,924,162,Blesk s chvostíkom
ch1_20160830_191500_286_s90.jpg,765,0,772,162,Blesk
ch1_20160830_191500_286_s90.jpg,949,0,962,162,Blesk s chvostíkom
ch1_20160830_191500_286_s90.jpg,1054,0,1071,162,Blesk s chvostíkom
ch1_20160830_191500_286_s90.jpg,1117,0,1134,162,Blesk s chvostíkom
ch1_20160830_191500_286_s90.jpg,1214,0,1228,162,Blesk
ch1_20160830_191500_286_s90.jpg,1308,0,1322,162,Blesk
ch1_20160830_191500_286_s90.jpg,1361,0,1375,162,Blesk
ch1_20160814_153226_709_s83.jpg,393,0,400,162,Blesk
ch1_20160814_153226_709_s83.jpg,476,0,484,162,Blesk
ch1_20160814_153226_709_s83.jpg,1351,0,1360,162,Blesk
ch1_20150927_142635_449_s64.jpg,732,0,738,162,Blesk
ch1_20150927_142635_449_s64.jpg,740,0,750,162,Blesk
ch1_20150927_142635_449_s64.jpg,809,0,818,162,Blesk
ch1_20150927_142635_449_s64.jpg,778,0,790,162,Blesk
ch1_20150927_142635_449_s64.jpg,1051,0,1058,162,Blesk
ch1_20150927_142635_449_s64.jpg,1076,0,1087,162,Blesk
ch1_20150927_142635_449_s64.jpg,1165,0,1174,162,Blesk
ch1_20150927_142635_449_s64.jpg,390,0,397,162,Blesk
ch1_20150927_142635_449_s64.jpg,2,0,9,162,Blesk
ch1_20150915_185833_856_s43.jpg,586,0,596,162,Blesk s chvostíkom
ch1_20150915_185833_856_s43.jpg,725,0,733,162,Blesk s chvostíkom
ch1_20150915_185833_856_s43.jpg,733,0,739,162,Blesk
ch1_20150915_185833_856_s43.jpg,851,0,859,162,Blesk
ch1_20150915_185833_856_s43.jpg,1251,0,1258,162,Blesk
ch1_20180615_200005_654_s100.jpg,1400,0,1409,162,Blesk
ch1_20180615_200005_654_s100.jpg,1141,0,1170,162,Blesk s chvostíkom
ch1_20180615_200005_654_s100.jpg,1101,0,1131,162,Blesk s chvostíkom
ch1_20180615_200005_654_s100.jpg,1020,0,1032,162,Blesk
ch1_20180615_200005_654_s100.jpg,682,0,692,162,Blesk
ch1_20180615_200005_654_s100.jpg,156,0,180,162,Blesk s chvostíkom
ch1_20180615_200005_654_s100.jpg,99,0,124,162,Blesk s chvostíkom
ch1_20180615_200005_654_s100.jpg,58,0,79,162,Blesk s chvostíkom
ch1_20180615_200005_654_s100.jpg,805,0,832,162,Blesk s chvostíkom
ch1_20180615_200005_654_s100.jpg,256,0,281,162,Blesk s chvostíkom
ch1_20160815_202845_581_s142.jpg,1207,0,1222,162,Blesk
ch1_20160815_202845_581_s142.jpg,170,0,184,162,Blesk
ch1_20160815_202845_581_s142.jpg,299,0,321,162,Blesk s chvostíkom
ch1_20160815_202845_581_s142.jpg,264,0,286,162,Blesk s chvostíkom
ch1_20160815_202845_581_s142.jpg,237,0,251,162,Blesk
ch1_20170714_154824_944_s85.jpg,1316,0,1327,162,Blesk
ch1_20170714_154824_944_s85.jpg,550,0,558,162,Blesk
ch1_20180602_211229_947_s144.jpg,176,0,186,162,Blesk
ch1_20180602_211229_947_s144.jpg,239,0,248,162,Blesk
ch1_20180602_211229_947_s144.jpg,381,0,391,162,Blesk
ch1_20180602_211229_947_s144.jpg,418,0,433,162,Blesk s chvostíkom
ch1_20180602_211229_947_s144.jpg,486,0,496,162,Blesk s chvostíkom
ch1_20180602_211229_947_s144.jpg,648,0,660,162,Blesk s chvostíkom
ch1_20180602_211229_947_s144.jpg,687,0,699,162,Blesk
ch1_20180602_211229_947_s144.jpg,706,0,718,162,Blesk
ch1_20180602_211229_947_s144.jpg,800,0,810,162,Blesk s chvostíkom
ch1_20180602_211229_947_s144.jpg,833,0,840,162,Blesk
ch1_20180602_211229_947_s144.jpg,875,0,888,162,Blesk
ch1_20180602_211229_947_s144.jpg,1301,0,1315,162,Blesk s chvostíkom
ch1_20180602_211229_947_s144.jpg,1348,0,1358,162,Blesk
ch1_20150927_141134_762_s34.jpg,817,0,830,162,Blesk
ch1_20150927_141134_762_s34.jpg,975,0,991,162,Blesk
ch1_20150927_141134_762_s34.jpg,1098,0,1114,162,Blesk
ch1_20150927_141134_762_s34.jpg,1047,0,1065,162,Blesk
ch1_20150927_141134_762_s34.jpg,996,0,1006,162,Blesk
ch1_20150927_141134_762_s34.jpg,1169,0,1179,162,Blesk
ch1_20150927_141134_762_s34.jpg,1219,0,1232,162,Blesk
ch1_20180602_205729_347_s132.jpg,237,0,268,162,Blesk s chvostíkom
ch1_20180602_205729_347_s132.jpg,293,0,310,162,Blesk
ch1_20180602_205729_347_s132.jpg,341,0,365,162,Blesk
ch1_20180602_205729_347_s132.jpg,972,0,983,162,Blesk
ch1_20180602_205729_347_s132.jpg,665,0,678,162,Blesk
ch1_20180602_205729_347_s132.jpg,1119,0,1133,162,Blesk
ch1_20180602_205729_347_s132.jpg,1156,0,1167,162,Blesk
ch1_20180602_205729_347_s132.jpg,1221,0,1232,162,Blesk
ch1_20170730_172407_273_s117.jpg,147,0,161,162,Blesk
ch1_20170730_172407_273_s117.jpg,701,0,713,162,Blesk
ch1_20170730_172407_273_s117.jpg,886,0,896,162,Blesk
ch1_20170730_172407_273_s117.jpg,1126,0,1136,162,Blesk
ch1_20170730_172407_273_s117.jpg,221,0,232,162,Blesk
ch1_20170730_172407_273_s117.jpg,377,0,390,162,Blesk
ch1_20170730_172407_273_s117.jpg,1267,0,1276,162,Blesk
ch1_20170730_172407_273_s117.jpg,1253,0,1264,162,Blesk
ch1_20170730_172407_273_s117.jpg,851,0,863,162,Blesk
ch1_20170730_172407_273_s117.jpg,825,0,837,162,Blesk
ch1_20170730_172407_273_s117.jpg,1241,0,1249,162,Blesk
ch1_20170730_172407_273_s117.jpg,921,0,931,162,Blesk
ch1_20170730_172407_273_s117.jpg,267,0,276,162,Blesk
ch1_20170730_172407_273_s117.jpg,334,0,345,162,Blesk
ch1_20180614_121847_682_s104.jpg,1189,0,1201,162,Blesk
ch1_20180614_121847_682_s104.jpg,989,0,1006,162,Blesk
ch1_20180614_121847_682_s104.jpg,904,0,916,162,Blesk
ch1_20180614_121847_682_s104.jpg,744,0,753,162,Blesk
ch1_20180614_121847_682_s104.jpg,689,0,701,162,Blesk
ch1_20180614_121847_682_s104.jpg,1131,0,1142,162,Blesk
ch1_20180614_121847_682_s104.jpg,1035,0,1042,162,Blesk
ch1_20180614_121847_682_s104.jpg,1012,0,1021,162,Blesk
ch1_20180614_121847_682_s104.jpg,834,0,844,162,Blesk
ch1_20180614_121847_682_s104.jpg,807,0,816,162,Blesk
ch1_20180614_121847_682_s104.jpg,1315,0,1325,162,Blesk
ch1_20160830_191500_286_s34.jpg,26,0,33,162,Blesk
ch1_20160830_191500_286_s34.jpg,47,0,55,162,Blesk
ch1_20160830_191500_286_s34.jpg,78,0,85,162,Blesk
ch1_20160830_191500_286_s34.jpg,57,0,66,162,Blesk
ch1_20160830_191500_286_s34.jpg,1313,0,1324,162,Blesk
ch1_20160830_191500_286_s34.jpg,1338,0,1346,162,Blesk
ch1_20160830_191500_286_s34.jpg,1367,0,1378,162,Blesk
ch1_20160830_191500_286_s34.jpg,698,0,705,162,Blesk
ch1_20160830_191500_286_s34.jpg,825,0,835,162,Blesk
ch1_20160830_191500_286_s34.jpg,1083,0,1090,162,Blesk
ch1_20180629_163855_720_s49.jpg,19,0,31,162,Blesk
ch1_20180629_163855_720_s49.jpg,226,0,243,162,Blesk
ch1_20150927_142135_218_s26.jpg,1225,0,1237,162,Blesk
ch1_20150927_142135_218_s26.jpg,1304,0,1313,162,Blesk
ch1_20150927_142135_218_s26.jpg,1210,0,1221,162,Blesk
ch1_20150927_142135_218_s26.jpg,1156,0,1167,162,Blesk
ch1_20150927_142135_218_s26.jpg,376,0,382,162,Blesk
ch1_20150927_142135_218_s26.jpg,755,0,761,162,Blesk
ch1_20150927_142135_218_s26.jpg,959,0,965,162,Blesk
ch1_20150927_142135_218_s26.jpg,980,0,986,162,Blesk
ch1_20150927_142135_218_s26.jpg,387,0,413,162,Blesk
ch1_20150927_142135_218_s26.jpg,468,0,477,162,Blesk
ch1_20150927_142135_218_s26.jpg,537,0,545,162,Blesk
ch1_20150927_142135_218_s26.jpg,496,0,502,162,Blesk
ch1_20150927_142135_218_s26.jpg,721,0,728,162,Blesk
ch1_20170715_123418_570_s10.jpg,613,0,621,162,Blesk
ch1_20170715_123418_570_s10.jpg,895,0,903,162,Blesk
ch1_20170715_123418_570_s10.jpg,937,0,947,162,Blesk
ch1_20170715_123418_570_s10.jpg,589,0,597,162,Blesk
ch1_20170715_123418_570_s10.jpg,597,0,605,162,Blesk
ch1_20180629_160354_248_s29.jpg,977,0,987,162,Blesk
ch1_20180629_160354_248_s29.jpg,157,0,163,162,Blesk
ch1_20180629_160354_248_s29.jpg,104,0,111,162,Blesk
ch1_20180629_160354_248_s29.jpg,590,0,597,162,Blesk
ch1_20180629_160354_248_s29.jpg,611,0,618,162,Blesk
ch1_20180629_160354_248_s29.jpg,1225,0,1231,162,Blesk
ch1_20180602_212730_544_s102.jpg,895,0,908,162,Blesk
ch1_20180602_212730_544_s102.jpg,400,0,414,162,Blesk
ch1_20180602_212730_544_s102.jpg,171,0,186,162,Blesk
ch1_20180602_212730_544_s102.jpg,1205,0,1221,162,Blesk s chvostíkom
ch1_20180602_212730_544_s102.jpg,551,0,562,162,Blesk
ch1_20180602_212730_544_s102.jpg,1370,0,1380,162,Blesk
ch1_20180602_212730_544_s102.jpg,574,0,583,162,Blesk
ch1_20180602_212730_544_s102.jpg,1248,0,1258,162,Blesk
ch1_20170715_122918_365_s10.jpg,311,0,322,162,Blesk
ch1_20170715_122918_365_s10.jpg,237,0,246,162,Blesk
ch1_20170715_122918_365_s10.jpg,335,0,347,162,Blesk
ch1_20170702_162621_139_s65.jpg,232,0,243,162,Blesk
ch1_20170702_162621_139_s65.jpg,903,0,911,162,Blesk
ch1_20150914_132712_919_s86.jpg,72,0,77,162,Blesk
ch1_20150914_132712_919_s86.jpg,317,0,326,162,Blesk
ch1_20150914_132712_919_s86.jpg,441,0,453,162,Blesk
ch1_20150914_132712_919_s86.jpg,453,0,463,162,Blesk
ch1_20150914_132712_919_s86.jpg,488,0,496,162,Blesk
ch1_20150914_132712_919_s86.jpg,679,0,685,162,Blesk
ch1_20150914_132712_919_s86.jpg,690,0,700,162,Blesk
ch1_20150914_132712_919_s86.jpg,777,0,785,162,Blesk
ch1_20150914_132712_919_s86.jpg,851,0,859,162,Blesk
ch1_20150914_132712_919_s86.jpg,974,0,985,162,Blesk
ch1_20150914_132712_919_s86.jpg,990,0,998,162,Blesk
ch1_20150914_132712_919_s86.jpg,1008,0,1013,162,Blesk
ch1_20150914_132712_919_s86.jpg,1051,0,1059,162,Blesk
ch1_20150914_132712_919_s86.jpg,1134,0,1148,162,Blesk
ch1_20150914_132712_919_s86.jpg,1213,0,1221,162,Blesk
ch1_20150914_132712_919_s86.jpg,1239,0,1248,162,Blesk
ch1_20150914_132712_919_s86.jpg,1268,0,1274,162,Blesk
ch1_20150914_132712_919_s86.jpg,1292,0,1300,162,Blesk
ch1_20150914_132712_919_s86.jpg,1312,0,1320,162,Blesk
ch1_20150914_132712_919_s86.jpg,1357,0,1366,162,Blesk
ch1_20150914_132712_919_s86.jpg,1376,0,1382,162,Blesk
ch1_20150914_132712_919_s86.jpg,1404,0,1412,162,Blesk
ch1_20180629_155353_823_s107.jpg,108,0,121,162,Blesk
ch1_20180629_155353_823_s107.jpg,174,0,186,162,Blesk
ch1_20180629_155353_823_s107.jpg,227,0,243,162,Blesk
ch1_20180629_155353_823_s107.jpg,265,0,278,162,Blesk
ch1_20180629_155353_823_s107.jpg,449,0,466,162,Blesk
ch1_20180629_155353_823_s107.jpg,698,0,710,162,Blesk
ch1_20180629_155353_823_s107.jpg,919,0,934,162,Blesk
ch1_20180629_155353_823_s107.jpg,1177,0,1188,162,Blesk
ch1_20180629_155353_823_s107.jpg,1226,0,1246,162,Blesk
ch1_20170715_124919_208_s56.jpg,1193,0,1210,162,Blesk
ch1_20170715_124919_208_s56.jpg,1135,0,1151,162,Blesk
ch1_20170715_124919_208_s56.jpg,684,0,696,162,Blesk
ch1_20170715_124919_208_s56.jpg,1006,0,1021,162,Blesk
ch1_20170715_124919_208_s56.jpg,1275,0,1287,162,Blesk
ch1_20170715_124919_208_s56.jpg,1341,0,1354,162,Blesk
ch1_20170715_124919_208_s56.jpg,1409,0,1422,162,Blesk
ch1_20180615_203006_889_s136.jpg,601,0,620,162,Blesk s chvostíkom
ch1_20180615_203006_889_s136.jpg,556,0,586,162,Blesk s chvostíkom
ch1_20180615_203006_889_s136.jpg,1012,0,1019,162,Blesk
ch1_20180615_203006_889_s136.jpg,712,0,734,162,Blesk s chvostíkom
ch1_20180615_203006_889_s136.jpg,658,0,676,162,Blesk s chvostíkom
ch1_20150902_230932_991_s105.jpg,73,0,82,162,Blesk
ch1_20150902_230932_991_s105.jpg,87,0,98,162,Blesk
ch1_20150902_230932_991_s105.jpg,106,0,122,162,Blesk
ch1_20150902_230932_991_s105.jpg,241,0,256,162,Blesk
ch1_20150902_230932_991_s105.jpg,528,0,542,162,Blesk
ch1_20150902_230932_991_s105.jpg,257,0,264,162,Blesk
ch1_20150902_230932_991_s105.jpg,459,0,468,162,Blesk
ch1_20150902_230932_991_s105.jpg,681,0,718,162,Blesk
ch1_20150902_230932_991_s105.jpg,941,0,953,162,Blesk
ch1_20150902_230932_991_s105.jpg,1309,0,1324,162,Blesk
ch1_20150902_230932_991_s105.jpg,1341,0,1368,162,Blesk s chvostíkom
ch1_20150902_230932_991_s105.jpg,1029,0,1039,162,Blesk
ch1_20180602_210729_749_s54.jpg,22,0,29,162,Blesk
ch1_20180602_210729_749_s54.jpg,12,0,20,162,Blesk
ch1_20180602_210729_749_s54.jpg,133,0,167,162,Blesk s chvostíkom
ch1_20180602_210729_749_s54.jpg,183,0,199,162,Blesk
ch1_20180602_210729_749_s54.jpg,459,0,468,162,Blesk
ch1_20180602_210729_749_s54.jpg,587,0,598,162,Blesk
ch1_20180602_210729_749_s54.jpg,911,0,925,162,Blesk
ch1_20180602_210729_749_s54.jpg,1335,0,1362,162,Blesk s chvostíkom
ch1_20170715_130920_071_s90.jpg,818,0,832,162,Blesk
ch1_20170715_130920_071_s90.jpg,1017,0,1027,162,Blesk
ch1_20170730_170406_445_s75.jpg,788,0,797,162,Blesk
ch1_20170730_170406_445_s75.jpg,804,0,816,162,Blesk
ch1_20170730_170406_445_s75.jpg,919,0,932,162,Blesk
ch1_20170730_170406_445_s75.jpg,834,0,847,162,Blesk
ch1_20170730_170406_445_s75.jpg,822,0,830,162,Blesk
ch1_20170730_170406_445_s75.jpg,152,0,160,162,Blesk
ch1_20170730_170406_445_s75.jpg,378,0,386,162,Blesk
ch1_20170730_170406_445_s75.jpg,1010,0,1018,162,Blesk
ch1_20170730_170406_445_s75.jpg,1112,0,1119,162,Blesk
ch1_20170730_170406_445_s75.jpg,1130,0,1136,162,Blesk
ch1_20170730_170406_445_s75.jpg,1391,0,1400,162,Blesk
ch1_20170730_170406_445_s75.jpg,315,0,323,162,Blesk
ch1_20170730_170406_445_s75.jpg,855,0,863,162,Blesk
ch1_20170730_170406_445_s75.jpg,886,0,894,162,Blesk
ch1_20170730_170406_445_s75.jpg,896,0,901,162,Blesk
ch1_20170730_170406_445_s75.jpg,60,0,67,162,Blesk
ch1_20170730_170406_445_s75.jpg,18,0,25,162,Blesk
ch1_20170730_170406_445_s75.jpg,966,0,973,162,Blesk
ch1_20170730_170406_445_s75.jpg,333,0,341,162,Blesk
ch1_20170730_170406_445_s75.jpg,1148,0,1153,162,Blesk
ch1_20150902_230932_991_s81.jpg,18,0,39,162,Blesk s chvostíkom
ch1_20150902_230932_991_s81.jpg,534,0,552,162,Blesk
ch1_20150902_230932_991_s81.jpg,762,0,783,162,Blesk
ch1_20150902_230932_991_s81.jpg,838,0,851,162,Blesk
ch1_20150902_230932_991_s81.jpg,787,0,803,162,Blesk
ch1_20150902_230932_991_s81.jpg,1043,0,1058,162,Blesk
ch1_20150902_230932_991_s81.jpg,1158,0,1174,162,Blesk
ch1_20150902_230932_991_s81.jpg,1254,0,1269,162,Blesk
ch1_20150902_230932_991_s81.jpg,1277,0,1297,162,Blesk
ch1_20170702_170122_557_s69.jpg,193,0,204,162,Blesk
