Unnamed: 0,image,event,date,second,milisecond,tweek,f_min<2kHz,f_min<2kHz_TRUE
0,1,1,20150902_230932,93,128,0,1,1
1,1,2,20150902_230932,93,128,1,1,1
2,1,3,20150902_230932,93,271,0,0,0
3,1,4,20150902_230932,93,350,0,1,1
4,1,5,20150902_230932,93,458,0,0,0
5,1,6,20150902_230932,93,690,0,0,0
6,1,7,20150902_230932,93,743,0,0,0
7,1,8,20150902_230932,93,752,0,1,1
8,1,9,20150902_230932,93,752,1,1,1
9,1,10,20150902_230932,93,775,0,1,1
10,1,11,20150902_230932,93,775,1,1,1
11,1,12,20150902_230932,93,797,0,0,0
12,1,13,20150902_230932,93,909,0,1,1
13,1,14,20150902_230932,93,909,1,1,1
14,1,15,20150902_230932,93,985,0,0,0
15,2,1,20150902_231433,109,156,0,1,1
16,2,2,20150902_231433,109,220,0,0,0
17,2,3,20150902_231433,109,387,0,0,0
18,2,4,20150902_231433,109,429,0,1,1
19,2,5,20150902_231433,109,503,0,1,0
20,2,6,20150902_231433,109,529,0,1,1
21,2,7,20150902_231433,109,529,1,1,1
22,2,8,20150902_231433,109,543,0,0,0
23,2,9,20150902_231433,109,543,1,0,0
24,2,10,20150902_231433,109,575,0,0,0
25,2,11,20150902_231433,109,595,0,0,0
26,2,12,20150902_231433,109,612,0,1,1
27,2,13,20150902_231433,109,619,0,0,0
28,2,14,20150902_231433,109,626,0,0,0
29,2,15,20150902_231433,109,841,0,0,0
30,2,16,20150902_231433,109,849,0,1,1
31,2,17,20150902_231433,109,871,0,0,0
32,2,18,20150902_231433,109,904,0,1,1
33,2,19,20150902_231433,109,965,0,1,1
34,3,1,20150902_231433,44,241,0,0,0
35,3,2,20150902_231433,44,283,0,0,0
36,3,3,20150902_231433,44,543,0,0,0
37,3,4,20150902_231433,44,672,0,0,0
38,3,5,20150902_231433,44,716,0,1,1
39,3,6,20150902_231433,44,716,1,1,1
40,3,7,20150902_231433,44,738,0,1,1
41,3,8,20150902_231433,44,747,0,1,1
42,3,9,20150902_231433,44,869,0,1,1
43,3,10,20150902_231433,44,969,0,0,0
44,4,1,20150902_231433,47,46,0,1,1
45,4,2,20150902_231433,47,189,0,0,0
46,4,3,20150902_231433,47,208,1,1,1
47,4,4,20150902_231433,47,274,1,1,1
48,4,5,20150902_231433,47,297,0,1,1
49,4,6,20150902_231433,47,297,1,1,1
50,4,7,20150902_231433,47,405,0,0,0
51,4,8,20150902_231433,47,412,0,0,0
52,4,9,20150902_231433,47,462,0,1,1
53,4,10,20150902_231433,47,462,1,1,1
54,4,11,20150902_231433,47,663,0,0,0
55,4,12,20150902_231433,47,745,0,0,0
56,5,1,20150902_231433,63,6,1,1,1
57,5,2,20150902_231433,63,57,0,1,1
58,5,3,20150902_231433,63,57,1,1,1
59,5,4,20150902_231433,63,89,1,1,1
60,5,5,20150902_231433,63,122,0,1,1
61,5,6,20150902_231433,63,129,0,0,1
62,5,7,20150902_231433,63,166,1,1,1
63,5,8,20150902_231433,63,291,1,1,1
64,5,9,20150902_231433,63,379,0,1,1
65,5,10,20150902_231433,63,379,1,1,1
66,5,11,20150902_231433,63,508,0,0,0
67,5,12,20150902_231433,63,508,1,1,0
68,5,13,20150902_231433,63,578,0,0,0
69,5,14,20150902_231433,63,621,0,1,1
70,5,15,20150902_231433,63,723,0,0,0
71,5,16,20150902_231433,63,797,0,1,0
72,5,17,20150902_231433,63,868,0,0,0
73,5,18,20150902_231433,63,882,0,0,0
74,5,19,20150902_231433,63,944,0,0,0
75,5,20,20150902_231433,63,970,0,0,0
76,5,21,20150902_231433,63,992,0,0,0
77,6,1,20150902_231433,78,216,0,1,1
78,6,2,20150902_231433,78,277,0,1,1
79,6,3,20150902_231433,78,464,0,1,1
80,6,4,20150902_231433,78,550,0,0,0
81,6,5,20150902_231433,78,612,0,1,1
82,6,6,20150902_231433,78,620,0,0,0
83,6,7,20150902_231433,78,645,0,0,0
84,6,8,20150902_231433,78,664,0,1,1
85,6,9,20150902_231433,78,692,0,1,1
86,6,10,20150902_231433,78,692,1,1,1
87,6,11,20150902_231433,78,767,1,1,1
88,6,12,20150902_231433,78,804,0,1,1
89,7,1,20150902_231433,90,25,0,1,1
90,7,2,20150902_231433,90,132,1,1,1
91,7,3,20150902_231433,90,132,0,1,1
92,7,4,20150902_231433,90,186,0,1,1
93,7,5,20150902_231433,90,268,0,1,1
94,7,6,20150902_231433,90,368,0,1,1
95,7,7,20150902_231433,90,368,1,1,1
96,7,8,20150902_231433,90,431,0,1,1
97,7,9,20150902_231433,90,493,0,1,0
98,7,10,20150902_231433,90,674,0,1,1
99,7,11,20150902_231433,90,857,0,0,0
100,8,1,20150902_231933,102,100,1,1,1
101,8,2,20150902_231933,102,129,1,1,1
102,8,3,20150902_231933,102,153,0,1,1
103,8,4,20150902_231933,102,190,1,1,1
104,8,5,20150902_231933,102,244,0,1,1
105,8,6,20150902_231933,102,246,1,1,1
106,8,7,20150902_231933,102,417,0,0,0
107,8,8,20150902_231933,102,786,0,1,1
108,8,9,20150902_231933,102,813,0,1,0
109,8,10,20150902_231933,102,864,0,1,1
110,8,11,20150902_231933,102,913,0,0,0
111,8,12,20150902_231933,102,966,0,1,1
112,9,1,20150902_231933,105,7,0,0,0
113,9,2,20150902_231933,105,182,0,0,0
114,9,3,20150902_231933,105,210,1,1,1
115,9,4,20150902_231933,105,210,0,1,1
116,9,5,20150902_231933,105,228,1,1,1
117,9,6,20150902_231933,105,228,0,1,1
118,9,7,20150902_231933,105,239,0,0,0
119,9,8,20150902_231933,105,273,0,1,1
120,9,9,20150902_231933,105,312,0,1,1
121,9,10,20150902_231933,105,312,1,1,1
122,9,11,20150902_231933,105,408,0,1,1
123,9,12,20150902_231933,105,417,0,1,1
124,9,13,20150902_231933,105,426,0,1,1
125,9,14,20150902_231933,105,475,0,0,0
126,9,15,20150902_231933,105,498,0,0,0
127,9,16,20150902_231933,105,516,0,0,0
128,9,17,20150902_231933,105,590,0,1,1
129,10,1,20150902_231933,5,38,0,1,0
130,10,2,20150902_231933,5,69,0,0,0
131,10,3,20150902_231933,5,241,0,1,1
132,10,4,20150902_231933,5,241,1,1,1
133,10,5,20150902_231933,5,452,0,1,1
134,10,6,20150902_231933,5,581,0,1,1
135,10,7,20150902_231933,5,652,0,1,1
136,10,8,20150902_231933,5,706,0,1,1
137,10,9,20150902_231933,5,706,1,1,1
138,10,10,20150902_231933,5,748,0,1,1
139,11,1,20150902_231933,61,176,0,1,1
140,11,2,20150902_231933,61,176,1,1,1
141,11,3,20150902_231933,61,194,1,1,1
142,11,4,20150902_231933,61,194,0,1,1
143,11,5,20150902_231933,61,212,1,1,1
144,11,6,20150902_231933,61,241,0,1,1
145,11,7,20150902_231933,61,259,0,1,1
146,11,8,20150902_231933,61,267,0,1,1
147,11,9,20150902_231933,61,281,0,1,1
148,11,10,20150902_231933,61,303,0,1,1
149,11,11,20150902_231933,61,327,0,1,1
150,11,12,20150902_231933,61,574,0,0,0
151,12,1,20150902_231933,80,23,0,1,1
152,12,2,20150902_231933,80,97,0,0,0
153,12,3,20150902_231933,80,143,0,0,0
154,12,4,20150902_231933,80,298,0,1,1
155,12,5,20150902_231933,80,298,1,1,1
156,12,6,20150902_231933,80,380,0,1,1
157,12,7,20150902_231933,80,477,0,1,1
158,12,8,20150902_231933,80,477,1,1,1
159,12,9,20150902_231933,80,495,0,1,1
160,12,10,20150902_231933,80,495,1,1,1
161,12,11,20150902_231933,80,621,0,0,0
162,12,12,20150902_231933,80,651,0,1,1
163,12,13,20150902_231933,80,712,0,0,0
164,12,14,20150902_231933,80,730,0,0,1
165,12,15,20150902_231933,80,779,0,1,1
166,12,16,20150902_231933,80,830,0,1,1
167,12,17,20150902_231933,80,854,0,1,1
168,12,18,20150902_231933,80,865,0,1,1
169,12,19,20150902_231933,80,875,0,1,1
170,13,1,20150902_232433,116,61,1,1,1
171,13,2,20150902_232433,116,61,0,1,1
172,13,3,20150902_232433,116,89,0,0,0
173,13,4,20150902_232433,116,257,0,0,0
174,13,5,20150902_232433,116,287,1,1,1
175,13,6,20150902_232433,116,405,0,0,0
176,13,7,20150902_232433,116,586,0,1,1
177,13,8,20150902_232433,116,670,1,1,1
178,13,9,20150902_232433,116,804,0,0,0
179,13,10,20150902_232433,116,818,0,0,0
180,13,11,20150902_232433,116,860,1,1,1
181,13,12,20150902_232433,116,860,0,1,1
182,13,13,20150902_232433,116,863,0,1,1
183,13,14,20150902_232433,116,897,0,0,0
184,13,15,20150902_232433,116,911,0,0,0
185,13,16,20150902_232433,116,975,1,1,1
186,14,1,20150902_232433,44,37,1,1,1
187,14,2,20150902_232433,44,56,0,1,1
188,14,3,20150902_232433,44,68,0,0,0
189,14,4,20150902_232433,44,89,0,1,1
190,14,5,20150902_232433,44,112,0,1,1
191,14,6,20150902_232433,44,112,0,0,0
192,14,7,20150902_232433,44,142,0,1,1
193,14,8,20150902_232433,44,166,0,0,0
194,14,9,20150902_232433,44,198,1,1,1
195,14,10,20150902_232433,44,220,0,1,1
196,14,11,20150902_232433,44,220,1,1,1
197,14,12,20150902_232433,44,287,0,0,0
198,14,13,20150902_232433,44,300,0,1,1
199,14,14,20150902_232433,44,337,0,1,1
200,14,15,20150902_232433,44,395,0,1,1
201,14,16,20150902_232433,44,445,0,0,0
202,15,1,20150902_232433,5,114,0,1,0
203,15,2,20150902_232433,5,330,0,1,1
204,15,3,20150902_232433,5,330,1,1,1
205,15,4,20150902_232433,5,359,0,1,0
206,15,5,20150902_232433,5,371,0,1,0
207,15,6,20150902_232433,5,397,1,1,1
208,15,7,20150902_232433,5,429,0,1,1
209,15,8,20150902_232433,5,462,0,0,0
210,15,9,20150902_232433,5,472,0,1,1
211,15,10,20150902_232433,5,472,1,1,1
212,15,11,20150902_232433,5,512,0,1,1
213,15,12,20150902_232433,5,560,0,1,1
214,15,13,20150902_232433,5,614,1,1,1
215,15,14,20150902_232433,5,654,0,1,0
216,15,15,20150902_232433,5,675,0,1,1
217,15,16,20150902_232433,5,709,0,1,1
218,15,17,20150902_232433,5,723,0,1,1
219,15,18,20150902_232433,5,795,0,1,1
220,15,19,20150902_232433,5,889,0,1,1
221,16,1,20150902_232433,52,5,0,0,0
222,16,2,20150902_232433,52,109,0,0,0
223,16,3,20150902_232433,52,215,0,0,0
224,16,4,20150902_232433,52,274,0,0,0
225,16,5,20150902_232433,52,284,0,0,0
226,16,6,20150902_232433,52,301,0,1,1
227,16,7,20150902_232433,52,301,1,1,1
228,16,8,20150902_232433,52,319,0,0,0
229,16,9,20150902_232433,52,438,0,1,1
230,16,10,20150902_232433,52,476,0,1,1
231,16,11,20150902_232433,52,477,1,1,1
232,16,12,20150902_232433,52,509,0,1,1
233,16,13,20150902_232433,52,589,1,1,1
234,16,14,20150902_232433,52,589,0,1,1
235,16,15,20150902_232433,52,607,0,0,0
236,16,16,20150902_232433,52,643,0,1,1
237,16,17,20150902_232433,52,741,0,1,1
238,16,18,20150902_232433,52,770,0,1,1
239,17,1,20150902_232933,26,97,0,0,0
240,17,2,20150902_232933,26,281,0,0,0
241,17,3,20150902_232933,26,303,0,0,0
242,17,4,20150902_232933,26,352,0,1,1
243,17,5,20150902_232933,26,362,0,1,1
244,17,6,20150902_232933,26,386,0,1,1
245,17,7,20150902_232933,26,432,0,1,1
246,17,8,20150902_232933,26,449,0,0,0
247,17,9,20150902_232933,26,487,0,1,1
248,17,10,20150902_232933,26,499,0,0,0
249,17,11,20150902_232933,26,524,0,1,1
250,17,12,20150902_232933,26,531,0,1,1
251,17,13,20150902_232933,26,576,0,1,1
252,17,14,20150902_232933,26,597,0,1,1
253,17,15,20150902_232933,26,675,0,0,0
254,17,16,20150902_232933,26,721,0,1,0
255,17,17,20150902_232933,26,745,0,0,0
256,17,18,20150902_232933,26,755,0,1,1
257,17,19,20150902_232933,26,876,0,0,0
258,17,20,20150902_232933,26,890,0,1,1
259,17,21,20150902_232933,26,890,1,1,1
260,17,22,20150902_232933,26,916,0,1,0
261,17,23,20150902_232933,26,935,0,1,1
262,17,24,20150902_232933,26,963,0,1,1
263,17,25,20150902_232933,26,993,0,1,0
264,18,1,20150902_232933,58,85,0,0,0
265,18,2,20150902_232933,58,305,0,0,0
266,18,3,20150902_232933,58,323,0,1,1
267,18,4,20150902_232933,58,568,1,1,1
268,18,5,20150902_232933,58,569,0,1,1
269,18,6,20150902_232933,58,593,0,1,1
270,18,7,20150902_232933,58,608,0,1,1
271,18,8,20150902_232933,58,608,1,1,1
272,18,9,20150902_232933,58,639,0,1,1
273,18,10,20150902_232933,58,655,0,0,0
274,18,11,20150902_232933,58,785,0,1,1
275,18,12,20150902_232933,58,856,0,1,1
276,18,13,20150902_232933,58,873,0,1,1
277,18,14,20150902_232933,58,911,0,0,0
278,18,15,20150902_232933,58,922,0,1,1
279,18,16,20150902_232933,58,948,0,1,1
280,18,17,20150902_232933,58,969,0,1,1
281,19,1,20150902_232933,68,5,0,1,0
282,19,2,20150902_232933,68,47,0,0,1
283,19,3,20150902_232933,68,120,0,1,1
284,19,4,20150902_232933,68,194,0,1,1
285,19,5,20150902_232933,68,235,0,1,1
286,19,6,20150902_232933,68,258,0,0,0
287,19,7,20150902_232933,68,289,0,0,0
288,19,8,20150902_232933,68,338,1,1,1
289,19,9,20150902_232933,68,426,0,0,0
290,19,10,20150902_232933,68,462,0,0,1
291,19,11,20150902_232933,68,495,0,0,0
292,19,12,20150902_232933,68,552,0,0,0
293,19,13,20150902_232933,68,575,0,0,1
294,19,14,20150902_232933,68,604,0,1,1
295,19,15,20150902_232933,68,739,0,1,1
296,19,16,20150902_232933,68,739,1,1,1
297,19,17,20150902_232933,68,877,0,0,0
298,19,18,20150902_232933,68,982,0,1,1
299,20,1,20150902_233434,24,424,0,1,1
300,20,2,20150902_233434,24,635,1,1,1
301,20,3,20150902_233434,24,733,0,1,1
302,20,4,20150902_233434,24,741,0,1,1
303,20,5,20150902_233434,24,774,0,1,1
304,20,6,20150902_233434,24,805,0,1,1
305,20,7,20150902_233434,24,837,0,1,1
306,20,8,20150902_233434,24,890,1,1,1
307,20,9,20150902_233434,24,891,0,1,1
308,21,1,20150902_233434,66,75,0,1,0
309,21,2,20150902_233434,66,75,1,1,0
310,21,3,20150902_233434,66,102,0,0,0
311,21,4,20150902_233434,66,118,1,1,1
312,21,5,20150902_233434,66,140,0,1,1
313,21,6,20150902_233434,66,151,1,1,1
314,21,7,20150902_233434,66,151,0,1,1
315,21,8,20150902_233434,66,162,0,1,1
316,21,9,20150902_233434,66,180,0,0,0
317,21,10,20150902_233434,66,191,0,0,0
318,21,11,20150902_233434,66,224,0,1,1
319,21,12,20150902_233434,66,249,0,0,0
320,21,13,20150902_233434,66,272,0,0,0
321,21,14,20150902_233434,66,287,0,1,1
322,21,15,20150902_233434,66,321,0,0,0
323,21,16,20150902_233434,66,338,0,1,1
324,21,17,20150902_233434,66,379,0,0,0
325,21,18,20150902_233434,66,516,0,0,0
326,21,19,20150902_233434,66,530,0,0,0
327,21,20,20150902_233434,66,738,0,0,0
328,21,21,20150902_233434,66,777,0,0,0
329,21,22,20150902_233434,66,830,0,0,0
330,22,1,20150902_233434,79,305,1,1,1
331,22,2,20150902_233434,79,342,0,1,1
332,22,3,20150902_233434,79,342,1,1,1
333,22,4,20150902_233434,79,382,0,1,1
334,22,5,20150902_233434,79,382,1,1,1
335,22,6,20150902_233434,79,680,1,1,1
336,22,7,20150902_233434,79,732,0,0,0
337,23,1,20150902_233934,140,192,0,1,0
338,23,2,20150902_233934,140,265,0,1,1
339,23,3,20150902_233934,140,355,1,1,1
340,23,4,20150902_233934,140,405,0,1,0
341,23,5,20150902_233934,140,523,0,1,0
342,23,6,20150902_233934,140,533,0,1,0
343,23,7,20150902_233934,140,605,1,1,1
344,23,8,20150902_233934,140,657,0,1,1
345,23,9,20150902_233934,140,701,0,1,1
346,23,10,20150902_233934,140,714,0,1,1
347,23,11,20150902_233934,140,716,0,1,1
348,23,12,20150902_233934,140,723,0,1,1
349,23,13,20150902_233934,140,746,0,1,1
350,23,14,20150902_233934,140,780,0,1,1
351,23,15,20150902_233934,140,820,0,1,1
352,23,16,20150902_233934,140,860,0,0,0
353,23,17,20150902_233934,140,871,0,1,1
354,23,18,20150902_233934,140,904,0,0,0
355,23,19,20150902_233934,140,923,0,0,0
356,23,20,20150902_233934,140,969,0,0,0
357,24,1,20150902_234434,8,3,0,1,1
358,24,2,20150902_234434,8,17,0,1,1
359,24,3,20150902_234434,8,31,0,1,1
360,24,4,20150902_234434,8,42,0,1,1
361,24,5,20150902_234434,8,80,0,1,1
362,24,6,20150902_234434,8,90,0,1,1
363,24,7,20150902_234434,8,206,0,0,0
364,24,8,20150902_234434,8,282,0,1,1
365,24,9,20150902_234434,8,318,1,1,1
366,24,10,20150902_234434,8,353,0,0,0
367,24,11,20150902_234434,8,404,0,0,0
368,24,12,20150902_234434,8,502,0,1,1
369,24,13,20150902_234434,8,597,0,0,0
370,24,14,20150902_234434,8,687,0,1,1
371,24,15,20150902_234434,8,934,0,1,1
372,25,1,20150902_234434,82,37,0,0,0
373,25,2,20150902_234434,82,108,0,0,0
374,25,3,20150902_234434,82,108,1,0,0
375,25,4,20150902_234434,82,122,1,1,1
376,25,5,20150902_234434,82,156,1,1,1
377,25,6,20150902_234434,82,455,0,0,0
378,25,7,20150902_234434,82,507,0,0,0
379,25,8,20150902_234434,82,564,1,1,1
380,25,9,20150902_234434,82,652,0,0,0
381,25,10,20150902_234434,82,766,0,0,0
382,25,11,20150902_234434,82,780,0,0,0
383,25,12,20150902_234434,82,929,0,0,0
384,25,13,20150902_234434,82,963,0,0,0
385,26,1,20150902_234434,84,124,0,1,0
386,26,2,20150902_234434,84,123,0,0,0
387,26,3,20150902_234434,84,191,0,0,0
388,26,4,20150902_234434,84,283,0,0,0
389,26,5,20150902_234434,84,343,0,1,1
390,26,6,20150902_234434,84,391,0,0,1
391,26,7,20150902_234434,84,391,1,0,1
392,26,8,20150902_234434,84,488,1,1,1
393,26,9,20150902_234434,84,574,0,1,0
394,26,10,20150902_234434,84,585,0,1,1
395,26,11,20150902_234434,84,642,0,0,0
396,26,12,20150902_234434,84,738,0,0,0
397,26,13,20150902_234434,84,763,0,0,0
398,26,14,20150902_234434,84,867,0,0,0
399,26,15,20150902_234434,84,898,0,1,1
400,26,16,20150902_234434,84,937,0,1,1
401,27,1,20150902_234934,8,27,0,1,1
402,27,2,20150902_234934,8,27,1,1,1
403,27,3,20150902_234934,8,127,0,1,1
404,27,4,20150902_234934,8,265,0,1,1
405,27,5,20150902_234934,8,348,0,1,1
406,27,6,20150902_234934,8,365,0,1,1
407,27,7,20150902_234934,8,365,1,1,1
408,27,8,20150902_234934,8,485,0,1,0
409,27,9,20150902_234934,8,562,0,1,1
410,27,10,20150902_234934,8,581,0,1,1
411,27,11,20150902_234934,8,856,0,1,1
412,27,12,20150902_234934,8,856,1,1,1
413,27,13,20150902_234934,8,881,0,1,1
414,27,14,20150902_234934,8,936,0,1,1
415,27,15,20150902_234934,8,936,1,1,1
416,27,16,20150902_234934,8,962,0,1,1
417,28,1,20150902_234934,85,153,0,1,1
418,28,2,20150902_234934,85,255,0,0,0
419,28,3,20150902_234934,85,529,0,1,1
420,28,4,20150902_234934,85,650,1,1,1
421,28,5,20150902_234934,85,676,0,1,1
422,28,6,20150902_234934,85,739,0,1,0
423,28,7,20150902_234934,85,749,0,1,1
424,28,8,20150902_234934,85,749,1,1,1
425,28,9,20150902_234934,85,788,0,1,1
426,28,10,20150902_234934,85,789,0,1,1
427,28,11,20150902_234934,85,943,0,1,1
428,28,12,20150902_234934,85,963,0,1,1
429,28,13,20150902_234934,85,977,0,1,1
430,29,1,20150907_142436,43,59,0,0,0
431,29,2,20150907_142436,43,120,0,0,0
432,29,3,20150907_142436,43,265,0,0,0
433,29,4,20150907_142436,43,355,0,0,0
434,29,5,20150907_142436,43,946,0,0,0
435,30,1,20150907_142436,54,137,0,0,0
436,30,2,20150907_142436,54,162,0,0,0
437,30,3,20150907_142436,54,190,0,0,0
438,30,4,20150907_142436,54,208,0,0,0
439,30,5,20150907_142436,54,298,0,0,0
440,30,6,20150907_142436,54,346,0,0,0
441,30,7,20150907_142436,54,393,0,0,0
442,30,8,20150907_142436,54,400,0,0,1
443,30,9,20150907_142436,54,433,0,0,0
444,30,10,20150907_142436,54,966,0,0,0
445,31,1,20150907_142436,57,297,0,0,0
446,31,2,20150907_142436,57,305,0,0,0
447,31,3,20150907_142436,57,360,0,0,0
448,31,4,20150907_142436,57,582,0,0,0
449,31,5,20150907_142436,57,649,0,0,0
450,32,1,20150907_142936,135,6,0,0,0
451,32,2,20150907_142936,135,68,0,0,0
452,32,3,20150907_142936,135,89,0,0,0
453,32,4,20150907_142936,135,132,0,0,0
454,32,5,20150907_142936,135,142,0,0,0
455,32,6,20150907_142936,135,142,0,0,0
456,32,7,20150907_142936,135,153,0,0,0
457,32,8,20150907_142936,135,164,0,0,0
458,32,9,20150907_142936,135,182,0,0,1
459,32,10,20150907_142936,135,331,0,0,1
460,32,11,20150907_142936,135,403,0,0,0
461,32,12,20150907_142936,135,482,0,0,0
462,32,13,20150907_142936,135,678,0,0,0
463,33,1,20150907_142936,61,10,0,0,0
464,33,2,20150907_142936,61,85,0,0,0
465,33,3,20150907_142936,61,122,0,0,0
466,33,4,20150907_142936,61,230,0,0,0
467,33,5,20150907_142936,61,716,0,1,1
468,33,6,20150907_142936,61,749,0,0,0
469,33,7,20150907_142936,61,828,0,0,0
470,33,8,20150907_142936,61,878,0,0,0
471,34,1,20150907_144437,132,69,0,0,0
472,34,2,20150907_144437,132,300,0,0,0
473,34,3,20150907_144437,132,319,0,0,0
474,34,4,20150907_144437,132,346,0,0,0
475,34,5,20150907_144437,132,360,0,0,0
476,34,6,20150907_144437,132,420,0,0,0
477,34,7,20150907_144437,132,441,0,0,0
478,34,8,20150907_144437,132,451,0,0,0
479,34,9,20150907_144437,132,530,0,0,0
480,34,10,20150907_144437,132,556,0,0,0
481,34,11,20150907_144437,132,582,0,0,0
482,34,12,20150907_144437,132,642,0,0,0
483,34,13,20150907_144437,132,664,0,0,0
484,34,14,20150907_144437,132,717,0,0,1
485,34,15,20150907_144437,132,755,0,0,0
486,35,1,20150907_144437,68,155,0,0,0
487,35,2,20150907_144437,68,379,0,0,0
488,35,3,20150907_144437,68,391,0,0,0
489,35,4,20150907_144437,68,398,0,0,0
490,35,5,20150907_144437,68,409,0,0,0
491,35,6,20150907_144437,68,467,0,0,0
492,35,7,20150907_144437,68,482,0,0,0
493,35,8,20150907_144437,68,758,0,0,0
494,35,9,20150907_144437,68,966,0,0,0
495,35,10,20150907_144437,68,981,0,0,0
496,35,11,20150907_144437,68,991,0,0,0
497,36,1,20150907_144937,58,24,0,0,0
498,36,2,20150907_144937,58,61,0,0,0
499,36,3,20150907_144937,58,210,0,0,0
500,36,4,20150907_144937,58,279,0,0,1
501,36,5,20150907_144937,58,291,0,0,0
502,36,6,20150907_144937,58,305,0,0,0
503,36,7,20150907_144937,58,356,0,0,1
504,36,8,20150907_144937,58,380,0,0,0
505,36,9,20150907_144937,58,394,0,0,0
506,36,10,20150907_144937,58,438,0,0,0
507,36,11,20150907_144937,58,493,0,0,0
508,36,12,20150907_144937,58,554,0,0,0
509,36,13,20150907_144937,58,601,0,0,0
510,36,14,20150907_144937,58,760,0,0,0
511,36,15,20150907_144937,58,811,0,0,0
512,36,16,20150907_144937,58,857,0,0,0
513,36,17,20150907_144937,58,898,0,0,0
514,36,18,20150907_144937,58,913,0,0,0
515,37,1,20150907_145437,1,49,0,0,0
516,37,2,20150907_145437,1,88,0,0,0
517,37,3,20150907_145437,1,111,0,0,0
518,37,4,20150907_145437,1,170,0,0,0
519,37,5,20150907_145437,1,186,0,0,0
520,37,6,20150907_145437,1,243,0,0,0
521,37,7,20150907_145437,1,291,0,0,0
522,37,8,20150907_145437,1,314,0,0,0
523,37,9,20150907_145437,1,327,0,0,1
524,37,10,20150907_145437,1,341,0,0,0
525,37,11,20150907_145437,1,356,0,0,0
526,37,12,20150907_145437,1,459,0,0,0
527,37,13,20150907_145437,1,564,0,0,0
528,37,14,20150907_145437,1,577,0,0,0
529,37,15,20150907_145437,1,676,0,0,0
530,37,16,20150907_145437,1,707,0,0,0
531,37,17,20150907_145437,1,760,0,0,0
532,37,18,20150907_145437,1,787,0,0,0
533,38,1,20150907_145437,104,135,0,0,0
534,38,2,20150907_145437,104,355,0,0,0
535,38,3,20150907_145437,104,612,0,0,0
536,38,4,20150907_145437,104,659,0,0,0
537,38,5,20150907_145437,104,695,0,0,0
538,38,6,20150907_145437,104,709,0,0,0
539,38,7,20150907_145437,104,771,0,0,0
540,38,8,20150907_145437,104,811,0,0,0
541,38,9,20150907_145437,104,830,0,0,0
542,38,10,20150907_145437,104,844,0,0,0
543,39,1,20150907_145437,122,156,0,0,0
544,39,2,20150907_145437,122,205,0,0,0
545,39,3,20150907_145437,122,275,0,0,0
546,39,4,20150907_145437,122,281,0,0,0
547,39,5,20150907_145437,122,436,0,0,0
548,39,6,20150907_145437,122,453,0,0,0
549,39,7,20150907_145437,122,466,0,0,0
550,39,8,20150907_145437,122,945,0,0,0
551,40,1,20150907_145437,123,253,0,0,0
552,40,2,20150907_145437,123,260,0,0,0
553,40,3,20150907_145437,123,277,0,0,0
554,40,4,20150907_145437,123,339,0,0,1
555,40,5,20150907_145437,123,863,0,0,1
556,40,6,20150907_145437,123,909,0,0,1
557,40,7,20150907_145437,123,963,0,0,1
558,41,1,20150907_145437,86,8,0,0,0
559,41,2,20150907_145437,86,20,0,0,0
560,41,3,20150907_145437,86,127,0,0,1
561,41,4,20150907_145437,86,144,0,0,0
562,41,5,20150907_145437,86,164,0,0,0
563,41,6,20150907_145437,86,188,0,0,0
564,41,7,20150907_145437,86,272,0,0,0
565,41,8,20150907_145437,86,460,0,0,1
566,41,9,20150907_145437,86,900,0,0,0
567,41,10,20150907_145437,86,953,0,0,0
568,41,11,20150907_145437,86,960,0,0,0
569,42,1,20150907_145938,119,70,0,0,0
570,42,2,20150907_145938,119,244,0,0,0
571,42,3,20150907_145938,119,255,0,0,0
572,42,4,20150907_145938,119,300,0,1,1
573,42,5,20150907_145938,119,436,0,0,0
574,42,6,20150907_145938,119,457,0,0,0
575,42,7,20150907_145938,119,506,0,0,0
576,42,8,20150907_145938,119,704,0,0,0
577,42,9,20150907_145938,119,758,0,0,0
578,42,10,20150907_145938,119,774,0,0,0
579,42,11,20150907_145938,119,793,0,0,0
580,42,12,20150907_145938,119,830,0,0,0
581,42,13,20150907_145938,119,874,0,0,0
582,43,1,20150907_145938,46,93,0,0,0
583,43,2,20150907_145938,46,188,0,0,0
584,43,3,20150907_145938,46,210,0,0,0
585,43,4,20150907_145938,46,258,0,0,0
586,43,5,20150907_145938,46,272,0,0,0
587,43,6,20150907_145938,46,297,0,0,0
588,43,7,20150907_145938,46,308,0,0,0
589,43,8,20150907_145938,46,358,0,0,0
590,43,9,20150907_145938,46,436,0,0,0
591,43,10,20150907_145938,46,476,0,0,0
592,43,11,20150907_145938,46,512,0,0,0
593,43,12,20150907_145938,46,694,0,0,0
594,43,13,20150907_145938,46,719,0,0,0
595,43,14,20150907_145938,46,749,0,0,0
596,44,1,20150907_145938,82,72,0,0,0
597,44,2,20150907_145938,82,275,0,0,0
598,44,3,20150907_145938,82,294,0,0,0
599,44,4,20150907_145938,82,360,0,0,0
600,44,5,20150907_145938,82,383,0,1,1
601,44,6,20150907_145938,82,472,0,0,0
602,44,7,20150907_145938,82,484,0,0,0
603,44,8,20150907_145938,82,638,0,0,0
604,44,9,20150907_145938,82,747,0,0,0
605,44,10,20150907_145938,82,966,0,0,0
606,45,1,20150907_150438,61,31,0,0,0
607,45,2,20150907_150438,61,44,0,0,0
608,45,3,20150907_150438,61,50,0,0,0
609,45,4,20150907_150438,61,80,0,0,0
610,45,5,20150907_150438,61,153,0,0,1
611,45,6,20150907_150438,61,173,0,0,1
612,45,7,20150907_150438,61,531,0,0,0
613,45,8,20150907_150438,61,590,0,0,0
614,45,9,20150907_150438,61,634,0,0,0
615,45,10,20150907_150438,61,728,0,0,0
616,45,11,20150907_150438,61,874,0,0,0
617,46,1,20150907_150938,140,64,0,0,1
618,46,2,20150907_150938,140,145,0,0,1
619,46,3,20150907_150938,140,185,0,0,0
620,46,4,20150907_150938,140,205,0,0,0
621,46,5,20150907_150938,140,231,0,0,0
622,46,6,20150907_150938,140,242,0,0,0
623,46,7,20150907_150938,140,261,0,0,0
624,46,8,20150907_150938,140,288,0,0,0
625,46,9,20150907_150938,140,299,0,0,0
626,46,10,20150907_150938,140,355,0,0,0
627,46,11,20150907_150938,140,378,0,0,0
628,46,12,20150907_150938,140,463,0,0,0
629,46,13,20150907_150938,140,554,0,0,0
630,46,14,20150907_150938,140,675,0,0,0
631,46,15,20150907_150938,140,723,0,0,0
632,46,16,20150907_150938,140,771,0,0,0
633,46,17,20150907_150938,140,814,0,0,0
634,47,1,20150914_125211,12,257,0,1,0
635,47,2,20150914_125211,12,258,0,1,1
636,47,3,20150914_125211,12,271,0,1,1
637,47,4,20150914_125211,12,290,0,1,1
638,47,5,20150914_125211,12,330,0,0,0
639,47,6,20150914_125211,12,342,0,0,0
640,47,7,20150914_125211,12,955,0,0,0
641,48,1,20150914_125211,127,161,0,0,0
642,48,2,20150914_125211,127,298,0,0,0
643,48,3,20150914_125211,127,350,0,0,0
644,48,4,20150914_125211,127,371,0,0,0
645,48,5,20150914_125211,127,509,0,0,0
646,48,6,20150914_125211,127,633,0,0,0
647,48,7,20150914_125211,127,691,0,1,1
648,48,8,20150914_125211,127,738,0,0,0
649,48,9,20150914_125211,127,886,0,0,0
650,49,1,20150914_130211,23,238,0,0,0
651,49,2,20150914_130211,23,299,0,0,0
652,49,3,20150914_130211,23,331,0,0,0
653,49,4,20150914_130211,23,388,0,1,1
654,49,5,20150914_130211,23,402,0,1,1
655,49,6,20150914_130211,23,414,0,0,0
656,49,7,20150914_130211,23,464,0,0,0
657,49,8,20150914_130211,23,498,0,0,0
658,49,9,20150914_130211,23,584,0,0,0
659,49,10,20150914_130211,23,631,0,0,0
660,49,11,20150914_130211,23,639,0,0,0
661,49,12,20150914_130211,23,663,0,0,0
662,49,13,20150914_130211,23,708,0,0,0
663,49,14,20150914_130211,23,742,0,0,0
664,49,15,20150914_130211,23,777,0,0,0
665,49,16,20150914_130211,23,821,0,0,0
666,49,17,20150914_130211,23,871,0,0,0
667,49,18,20150914_130211,23,945,0,0,0
668,50,1,20150914_130211,31,23,0,0,0
669,50,2,20150914_130211,31,84,0,0,0
670,50,3,20150914_130211,31,168,0,0,0
671,50,4,20150914_130211,31,289,0,0,0
672,50,5,20150914_130211,31,400,0,0,0
673,50,6,20150914_130211,31,469,0,0,0
674,50,7,20150914_130211,31,637,0,0,0
675,50,8,20150914_130211,31,846,0,0,0
676,50,9,20150914_130211,31,886,0,0,1
677,50,10,20150914_130211,31,925,0,1,1
678,50,11,20150914_130211,31,952,0,0,0
679,51,1,20150914_130211,4,110,0,0,0
680,51,2,20150914_130211,4,154,0,0,0
681,51,3,20150914_130211,4,162,0,1,1
682,51,4,20150914_130211,4,162,0,1,1
683,51,5,20150914_130211,4,170,0,1,1
684,51,6,20150914_130211,4,184,0,0,0
685,51,7,20150914_130211,4,196,0,0,0
686,51,8,20150914_130211,4,275,0,0,0
687,51,9,20150914_130211,4,300,0,0,0
688,51,10,20150914_130211,4,308,0,0,0
689,51,11,20150914_130211,4,333,0,0,0
690,51,12,20150914_130211,4,354,0,0,0
691,51,13,20150914_130211,4,456,0,0,0
692,51,14,20150914_130211,4,633,0,0,0
693,51,15,20150914_130211,4,645,0,0,0
694,51,16,20150914_130211,4,873,0,0,0
695,51,17,20150914_130211,4,917,0,0,0
696,52,1,20150914_130211,44,101,0,1,1
697,52,2,20150914_130211,44,112,0,1,1
698,52,3,20150914_130211,44,128,0,1,1
699,52,4,20150914_130211,44,151,0,0,0
700,52,5,20150914_130211,44,220,0,0,0
701,52,6,20150914_130211,44,253,0,1,1
702,52,7,20150914_130211,44,426,0,1,1
703,52,8,20150914_130211,44,450,0,0,0
704,52,9,20150914_130211,44,469,0,1,1
705,52,10,20150914_130211,44,486,0,1,1
706,52,11,20150914_130211,44,525,0,1,1
707,52,12,20150914_130211,44,533,0,0,0
708,52,13,20150914_130211,44,560,0,0,0
709,53,1,20150914_131712,89,23,0,1,1
710,53,2,20150914_131712,89,24,0,0,0
711,53,3,20150914_131712,89,34,0,0,0
712,53,4,20150914_131712,89,182,0,0,0
713,53,5,20150914_131712,89,388,0,1,1
714,53,6,20150914_131712,89,425,0,1,1
715,53,7,20150914_131712,89,452,0,0,0
716,53,8,20150914_131712,89,460,0,0,0
717,53,9,20150914_131712,89,658,0,0,0
718,53,10,20150914_131712,89,748,0,0,0
719,53,11,20150914_131712,89,787,0,0,0
720,53,12,20150914_131712,89,818,0,0,0
721,53,13,20150914_131712,89,865,0,0,0
722,53,14,20150914_131712,89,937,0,0,0
723,54,1,20150914_132212,133,87,0,0,0
724,54,2,20150914_132212,133,164,0,1,1
725,54,3,20150914_132212,133,303,0,1,1
726,54,4,20150914_132212,133,353,0,1,1
727,54,5,20150914_132212,133,405,0,0,0
728,54,6,20150914_132212,133,603,0,0,0
729,54,7,20150914_132212,133,863,0,0,0
730,54,8,20150914_132212,133,995,0,0,1
731,55,1,20150914_132212,38,34,0,0,0
732,55,2,20150914_132212,38,332,0,0,0
733,55,3,20150914_132212,38,405,0,0,0
734,55,4,20150914_132212,38,456,0,0,0
735,55,5,20150914_132212,38,502,0,0,0
736,55,6,20150914_132212,38,522,0,0,0
737,55,7,20150914_132212,38,536,0,0,0
738,55,8,20150914_132212,38,605,0,0,0
739,55,9,20150914_132212,38,659,0,0,0
740,55,10,20150914_132212,38,677,0,0,0
741,55,11,20150914_132212,38,745,0,0,0
742,55,12,20150914_132212,38,830,0,0,0
743,55,13,20150914_132212,38,982,0,0,0
744,55,14,20150914_132212,38,984,0,0,0
745,55,15,20150914_132212,38,992,0,0,0
746,56,1,20150914_132212,72,101,0,0,0
747,56,2,20150914_132212,72,319,0,0,0
748,56,3,20150914_132212,72,349,0,0,0
749,56,4,20150914_132212,72,415,0,0,1
750,56,5,20150914_132212,72,479,0,0,0
751,56,6,20150914_132212,72,505,0,0,0
752,56,7,20150914_132212,72,533,0,0,0
753,56,8,20150914_132212,72,571,0,0,0
754,56,9,20150914_132212,72,615,0,0,0
755,56,10,20150914_132212,72,779,0,0,0
756,56,11,20150914_132212,72,809,0,0,1
757,56,12,20150914_132212,72,862,0,0,0
758,56,13,20150914_132212,72,892,0,0,0
759,56,14,20150914_132212,72,975,0,0,0
760,56,15,20150914_132212,72,983,0,0,0
761,57,1,20150914_132712,8,48,0,0,0
762,57,2,20150914_132712,8,91,0,0,1
763,57,3,20150914_132712,8,97,0,0,0
764,57,4,20150914_132712,8,105,0,1,1
765,57,5,20150914_132712,8,136,0,0,0
766,57,6,20150914_132712,8,381,0,0,0
767,57,7,20150914_132712,8,464,0,0,0
768,57,8,20150914_132712,8,552,0,0,0
769,57,9,20150914_132712,8,697,0,0,0
770,57,10,20150914_132712,8,702,0,0,0
771,57,11,20150914_132712,8,707,0,0,0
772,57,12,20150914_132712,8,804,0,0,0
773,57,13,20150914_132712,8,866,0,0,0
774,57,14,20150914_132712,8,884,0,0,0
775,57,15,20150914_132712,8,935,0,0,0
776,58,1,20150914_132712,86,226,0,0,0
777,58,2,20150914_132712,86,315,0,0,0
778,58,3,20150914_132712,86,322,0,0,0
779,58,4,20150914_132712,86,347,0,0,0
780,58,5,20150914_132712,86,489,0,0,1
781,58,6,20150914_132712,86,550,0,0,0
782,58,7,20150914_132712,86,602,0,0,0
783,58,8,20150914_132712,86,690,0,0,0
784,58,9,20150914_132712,86,700,0,0,1
785,58,10,20150914_132712,86,804,0,0,0
786,58,11,20150914_132712,86,913,0,0,0
787,58,12,20150914_132712,86,958,0,0,0
788,59,1,20150914_132712,87,62,0,0,0
789,59,2,20150914_132712,87,62,0,0,0
790,59,3,20150914_132712,87,160,0,0,0
791,59,4,20150914_132712,87,210,0,0,0
792,59,5,20150914_132712,87,279,0,0,0
793,59,6,20150914_132712,87,346,0,0,0
794,59,7,20150914_132712,87,543,0,0,0
795,59,8,20150914_132712,87,588,0,0,0
796,59,9,20150914_132712,87,650,0,0,0
797,59,10,20150914_132712,87,656,0,0,0
798,59,11,20150914_132712,87,685,0,0,0
799,59,12,20150914_132712,87,692,0,0,0
800,59,13,20150914_132712,87,701,0,0,0
801,59,14,20150914_132712,87,733,0,1,1
802,59,15,20150914_132712,87,899,0,0,1
803,60,1,20150914_133213,29,25,0,0,0
804,60,2,20150914_133213,29,201,0,0,0
805,60,3,20150914_133213,29,215,0,0,0
806,60,4,20150914_133213,29,231,0,0,0
807,60,5,20150914_133213,29,344,0,0,0
808,60,6,20150914_133213,29,376,0,0,0
809,60,7,20150914_133213,29,419,0,0,1
810,60,8,20150914_133213,29,470,0,0,1
811,60,9,20150914_133213,29,671,0,0,0
812,60,10,20150914_133213,29,693,0,0,0
813,60,11,20150914_133213,29,731,0,0,0
814,60,12,20150914_133213,29,823,0,0,0
815,60,13,20150914_133213,29,924,0,0,0
816,61,1,20150915_184833,117,39,0,0,0
817,61,2,20150915_184833,117,179,0,0,0
818,61,3,20150915_184833,117,365,0,0,0
819,61,4,20150915_184833,117,404,0,0,0
820,61,5,20150915_184833,117,469,0,1,1
821,61,6,20150915_184833,117,514,0,1,1
822,61,7,20150915_184833,117,514,1,1,1
823,61,8,20150915_184833,117,562,0,1,1
824,61,9,20150915_184833,117,627,0,1,1
825,61,10,20150915_184833,117,669,0,0,0
826,61,11,20150915_184833,117,692,0,1,1
827,61,12,20150915_184833,117,692,0,1,1
828,61,13,20150915_184833,117,704,0,1,1
829,61,14,20150915_184833,117,800,0,0,0
830,61,15,20150915_184833,117,871,0,0,0
831,62,1,20150915_184833,98,5,0,0,0
832,62,2,20150915_184833,98,23,0,0,0
833,62,3,20150915_184833,98,127,0,0,1
834,62,4,20150915_184833,98,151,0,0,0
835,62,5,20150915_184833,98,257,0,0,0
836,62,6,20150915_184833,98,390,0,0,0
837,62,7,20150915_184833,98,438,0,0,0
838,62,8,20150915_184833,98,484,0,0,0
839,62,9,20150915_184833,98,545,0,0,0
840,62,10,20150915_184833,98,634,0,0,0
841,62,11,20150915_184833,98,697,0,0,0
842,62,12,20150915_184833,98,733,0,0,0
843,62,13,20150915_184833,98,770,0,0,0
844,63,1,20150915_185833,67,232,0,0,0
845,63,2,20150915_185833,67,337,0,0,0
846,63,3,20150915_185833,67,533,0,0,0
847,63,4,20150915_185833,67,819,1,1,1
848,63,5,20150915_185833,67,844,0,1,1
849,63,6,20150915_185833,67,844,1,1,1
850,63,7,20150915_185833,67,885,1,1,1
851,63,8,20150915_185833,67,909,0,1,1
852,63,9,20150915_185833,67,909,1,1,1
853,64,1,20150915_190834,140,426,0,0,1
854,64,2,20150915_190834,140,479,0,0,0
855,64,3,20150915_190834,140,517,0,0,1
856,64,4,20150915_190834,140,559,0,0,0
857,64,5,20150915_190834,140,583,0,0,0
858,64,6,20150915_190834,140,662,0,0,0
859,64,7,20150915_190834,140,788,0,0,0
860,64,8,20150915_190834,140,849,0,0,0
861,64,9,20150915_190834,140,863,0,0,0
862,65,1,20150915_192835,90,228,0,0,0
863,65,2,20150915_192835,90,272,0,0,1
864,65,3,20150915_192835,90,336,0,0,1
865,65,4,20150915_192835,90,409,0,0,1
866,65,5,20150915_192835,90,463,0,0,1
867,65,6,20150915_192835,90,515,0,0,1
868,65,7,20150915_192835,90,586,0,1,1
869,65,8,20150915_192835,90,629,0,1,1
870,65,9,20150915_192835,90,645,0,0,0
871,65,10,20150915_192835,90,742,0,0,0
872,65,11,20150915_192835,90,901,1,1,1
873,66,1,20150915_193335,134,61,0,0,0
874,66,2,20150915_193335,134,90,0,0,0
875,66,3,20150915_193335,134,170,0,0,0
876,66,4,20150915_193335,134,178,0,0,0
877,66,5,20150915_193335,134,341,1,1,1
878,66,6,20150915_193335,134,360,0,1,1
879,66,7,20150915_193335,134,360,1,1,1
880,66,8,20150915_193335,134,386,0,1,1
881,66,9,20150915_193335,134,386,1,1,1
882,66,10,20150915_193335,134,442,0,1,1
883,66,11,20150915_193335,134,442,1,1,1
884,67,1,20150915_193835,132,74,0,0,0
885,67,2,20150915_193835,132,224,0,0,0
886,67,3,20150915_193835,132,234,0,0,0
887,67,4,20150915_193835,132,323,0,0,0
888,67,5,20150915_193835,132,367,1,1,1
889,67,6,20150915_193835,132,435,0,0,1
890,67,7,20150915_193835,132,585,0,1,1
891,67,8,20150915_193835,132,678,0,0,0
892,67,9,20150915_193835,132,776,0,0,0
893,68,1,20150921_184010,111,104,0,1,1
894,68,2,20150921_184010,111,122,0,1,1
895,68,3,20150921_184010,111,156,0,0,1
896,68,4,20150921_184010,111,431,0,0,0
897,68,5,20150921_184010,111,521,0,0,0
898,68,6,20150921_184010,111,592,1,1,1
899,68,7,20150921_184010,111,618,1,1,1
900,68,8,20150921_184010,111,638,1,1,1
901,68,9,20150921_184010,111,681,0,1,1
902,68,10,20150921_184010,111,681,1,1,1
903,68,11,20150921_184010,111,697,1,1,1
904,68,12,20150921_184010,111,951,0,0,0
905,68,13,20150921_184010,111,985,0,0,0
906,69,1,20150921_185511,121,309,0,0,0
907,69,2,20150921_185511,121,334,0,1,1
908,69,3,20150921_185511,121,403,0,0,0
909,69,4,20150921_185511,121,403,0,0,0
910,69,5,20150921_185511,121,536,0,0,0
911,69,6,20150921_185511,121,546,0,0,0
912,69,7,20150921_185511,121,623,0,0,0
913,69,8,20150921_185511,121,645,0,0,0
914,69,9,20150921_185511,121,662,0,0,0
915,69,10,20150921_185511,121,681,0,0,0
916,69,11,20150921_185511,121,726,0,0,0
917,69,12,20150921_185511,121,790,0,0,0
918,69,13,20150921_185511,121,942,0,0,1
919,69,14,20150921_185511,121,942,1,1,1
920,70,1,20150921_191011,75,134,0,0,0
921,70,2,20150921_191011,75,201,0,0,0
922,70,3,20150921_191011,75,213,0,0,0
923,70,4,20150921_191011,75,220,0,0,0
924,70,5,20150921_191011,75,273,1,1,1
925,70,6,20150921_191011,75,306,1,1,1
926,70,7,20150921_191011,75,337,0,1,0
927,70,8,20150921_191011,75,351,0,1,0
928,70,9,20150921_191011,75,369,0,1,0
929,70,10,20150921_191011,75,574,0,0,0
930,70,11,20150921_191011,75,910,0,1,1
931,70,12,20150921_191011,75,910,1,1,1
932,70,13,20150921_191011,75,964,0,0,0
933,71,1,20150921_192012,21,96,0,0,0
934,71,2,20150921_192012,21,127,0,0,0
935,71,3,20150921_192012,21,187,0,0,0
936,71,4,20150921_192012,21,293,0,0,0
937,71,5,20150921_192012,21,497,1,1,1
938,71,6,20150921_192012,21,583,0,0,0
939,71,7,20150921_192012,21,619,0,1,1
940,71,8,20150921_192012,21,643,1,1,1
941,71,9,20150921_192012,21,682,1,1,1
942,71,10,20150921_192012,21,701,0,1,1
943,71,11,20150921_192012,21,736,0,0,0
944,71,12,20150921_192012,21,783,0,0,0
945,71,13,20150921_192012,21,907,0,0,1
946,71,14,20150921_192012,21,945,0,0,0
947,71,15,20150921_192012,21,958,0,1,1
948,72,1,20150927_133132,134,691,0,1,1
949,72,2,20150927_133132,134,709,0,0,0
950,72,3,20150927_133132,134,714,0,1,1
951,72,4,20150927_133132,134,745,0,1,1
952,72,5,20150927_133132,134,768,0,0,0
953,72,6,20150927_133132,134,802,0,0,0
954,73,1,20150927_134133,103,134,0,1,1
955,73,2,20150927_134133,103,155,0,1,1
956,73,3,20150927_134133,103,155,0,0,0
957,73,4,20150927_134133,103,167,0,1,1
958,73,5,20150927_134133,103,491,0,0,0
959,74,1,20150927_134133,110,350,0,1,1
960,74,2,20150927_134133,110,369,0,1,1
961,74,3,20150927_134133,110,416,0,0,0
962,74,4,20150927_134133,110,450,0,1,1
963,74,5,20150927_134133,110,569,0,1,1
964,74,6,20150927_134133,110,581,0,1,1
965,74,7,20150927_134133,110,592,0,1,1
966,74,8,20150927_134133,110,610,0,1,1
967,74,9,20150927_134133,110,633,0,1,1
968,74,10,20150927_134133,110,666,0,1,1
969,74,11,20150927_134133,110,688,0,1,1
970,75,1,20150927_134133,143,175,0,1,1
971,75,2,20150927_134133,143,189,0,1,1
972,75,3,20150927_134133,143,218,0,1,1
973,75,4,20150927_134133,143,330,0,0,0
974,75,5,20150927_134133,143,348,0,1,1
975,75,6,20150927_134133,143,395,0,0,0
976,75,7,20150927_134133,143,410,0,0,0
977,76,1,20150927_134133,43,586,0,0,0
978,76,2,20150927_134133,43,719,0,1,1
979,76,3,20150927_134133,43,731,0,0,0
980,76,4,20150927_134133,43,745,0,0,0
981,76,5,20150927_134133,43,757,0,1,1
982,76,6,20150927_134133,43,757,0,1,1
983,76,7,20150927_134133,43,770,0,0,0
984,76,8,20150927_134133,43,794,0,0,0
985,76,9,20150927_134133,43,819,0,1,1
986,76,10,20150927_134133,43,819,0,1,1
987,76,11,20150927_134133,43,829,0,0,0
988,77,1,20150927_134133,87,201,0,0,0
989,77,2,20150927_134133,87,250,0,0,0
990,77,3,20150927_134133,87,283,0,1,1
991,77,4,20150927_134133,87,332,0,1,1
992,77,5,20150927_134133,87,391,0,0,0
993,77,6,20150927_134133,87,490,0,0,0
994,77,7,20150927_134133,87,560,0,0,0
995,77,8,20150927_134133,87,608,0,0,0
996,78,1,20150927_134133,92,841,0,1,1
997,78,2,20150927_134133,92,858,0,1,1
998,78,3,20150927_134133,92,957,0,0,0
999,78,4,20150927_134133,92,958,0,0,0
1000,78,5,20150927_134133,92,975,0,0,0
1001,78,6,20150927_134133,92,986,0,0,0
1002,79,1,20150927_134633,23,172,0,1,1
1003,79,2,20150927_134633,23,191,0,1,1
1004,79,3,20150927_134633,23,208,0,0,0
1005,79,4,20150927_134633,23,224,0,1,1
1006,79,5,20150927_134633,23,248,0,0,1
1007,79,6,20150927_134633,23,284,0,0,0
1008,79,7,20150927_134633,23,443,0,0,0
1009,79,8,20150927_134633,23,551,0,0,0
1010,79,9,20150927_134633,23,571,0,0,0
1011,80,1,20150927_135133,91,675,0,0,0
1012,80,2,20150927_135133,91,757,0,0,0
1013,80,3,20150927_135133,91,799,0,0,0
1014,80,4,20150927_135133,91,799,0,1,1
1015,80,5,20150927_135133,91,816,0,0,0
1016,80,6,20150927_135133,91,830,0,1,1
1017,80,7,20150927_135133,91,851,0,1,1
1018,80,8,20150927_135133,91,952,0,0,0
1019,81,1,20150927_135133,96,959,0,1,1
1020,81,2,20150927_135133,96,984,0,1,1
1021,82,1,20150927_135133,97,46,0,1,1
1022,82,2,20150927_135133,97,87,0,1,1
1023,82,3,20150927_135133,97,212,0,1,1
1024,82,4,20150927_135133,97,390,0,0,1
1025,82,5,20150927_135133,97,923,0,0,0
1026,83,1,20150927_135634,116,16,0,0,0
1027,83,2,20150927_135634,116,206,0,0,0
1028,83,3,20150927_135634,116,315,0,0,0
1029,83,4,20150927_135634,116,389,0,0,0
1030,83,5,20150927_135634,116,412,0,0,1
1031,83,6,20150927_135634,116,438,0,0,1
1032,83,7,20150927_135634,116,569,0,1,1
1033,83,8,20150927_135634,116,602,0,0,0
1034,83,9,20150927_135634,116,693,0,0,0
1035,83,10,20150927_135634,116,803,0,0,0
1036,83,11,20150927_135634,116,916,0,0,0
1037,84,1,20150927_135634,38,40,0,0,0
1038,84,2,20150927_135634,38,631,0,0,0
1039,84,3,20150927_135634,38,679,0,0,0
1040,84,4,20150927_135634,38,787,0,0,0
1041,84,5,20150927_135634,38,878,0,0,1
1042,84,6,20150927_135634,38,906,0,0,0
1043,84,7,20150927_135634,38,928,0,0,1
1044,84,8,20150927_135634,38,963,0,0,0
1045,85,1,20150927_140134,108,165,0,0,0
1046,85,2,20150927_140134,108,347,0,1,1
1047,85,3,20150927_140134,108,356,0,0,0
1048,85,4,20150927_140134,108,373,0,0,0
1049,85,5,20150927_140134,108,400,0,0,0
1050,85,6,20150927_140134,108,412,0,1,1
1051,85,7,20150927_140134,108,431,0,0,0
1052,85,8,20150927_140134,108,507,0,0,0
1053,85,9,20150927_140134,108,567,0,1,1
1054,85,10,20150927_140134,108,617,0,0,0
1055,85,11,20150927_140134,108,830,0,0,0
1056,85,12,20150927_140134,108,878,0,0,0
1057,86,1,20150927_140134,133,79,0,0,0
1058,86,2,20150927_140134,133,253,0,0,0
1059,86,3,20150927_140134,133,466,0,0,0
1060,86,4,20150927_140134,133,484,0,0,0
1061,86,5,20150927_140134,133,501,0,0,0
1062,86,6,20150927_140134,133,635,0,0,0
1063,86,7,20150927_140134,133,698,0,0,0
1064,86,8,20150927_140134,133,829,0,1,1
1065,86,9,20150927_140134,133,863,0,1,1
1066,86,10,20150927_140134,133,887,0,1,1
1067,86,11,20150927_140134,133,939,0,0,1
1068,86,12,20150927_140134,133,979,0,0,0
1069,87,1,20150927_140134,146,575,0,1,1
1070,87,2,20150927_140134,146,611,0,0,0
1071,87,3,20150927_140134,146,611,0,1,1
1072,87,4,20150927_140134,146,631,0,0,1
1073,87,5,20150927_140134,146,664,0,0,0
1074,87,6,20150927_140134,146,721,0,0,0
1075,88,1,20150927_140134,27,86,0,0,0
1076,88,2,20150927_140134,27,560,0,0,0
1077,88,3,20150927_140134,27,569,0,0,0
1078,88,4,20150927_140134,27,569,0,1,0
1079,88,5,20150927_140134,27,593,0,0,0
1080,88,6,20150927_140134,27,611,0,0,0
1081,88,7,20150927_140134,27,625,0,0,0
1082,88,8,20150927_140134,27,633,0,0,0
1083,88,9,20150927_140134,27,750,0,0,0
1084,88,10,20150927_140134,27,766,0,0,0
1085,88,11,20150927_140134,27,992,0,0,1
1086,89,1,20150927_140634,135,93,0,0,0
1087,89,2,20150927_140634,135,319,0,0,0
1088,89,3,20150927_140634,135,379,0,1,1
1089,89,4,20150927_140634,135,390,0,0,0
1090,89,5,20150927_140634,135,416,0,0,0
1091,89,6,20150927_140634,135,433,0,1,1
1092,89,7,20150927_140634,135,528,0,0,0
1093,89,8,20150927_140634,135,564,0,1,1
1094,89,9,20150927_140634,135,588,0,0,0
1095,89,10,20150927_140634,135,833,0,0,1
1096,89,11,20150927_140634,135,867,0,0,0
1097,89,12,20150927_140634,135,918,0,0,0
1098,90,1,20150927_140634,41,105,0,0,0
1099,90,2,20150927_140634,41,282,0,0,0
1100,90,3,20150927_140634,41,283,0,1,1
1101,90,4,20150927_140634,41,329,0,0,1
1102,90,5,20150927_140634,41,369,0,1,1
1103,90,6,20150927_140634,41,420,0,0,0
1104,90,7,20150927_140634,41,426,0,0,0
1105,90,8,20150927_140634,41,657,0,0,0
1106,90,9,20150927_140634,41,789,0,0,0
1107,91,1,20150927_141134,121,320,0,0,0
1108,91,2,20150927_141134,121,372,0,1,1
1109,91,3,20150927_141134,121,472,0,1,1
1110,91,4,20150927_141134,121,494,0,0,0
1111,91,5,20150927_141134,121,518,0,1,1
1112,91,6,20150927_141134,121,539,0,1,1
1113,91,7,20150927_141134,121,869,0,0,0
1114,92,1,20150927_141134,138,17,0,0,0
1115,92,2,20150927_141134,138,152,0,0,0
1116,92,3,20150927_141134,138,692,0,1,1
1117,92,4,20150927_141134,138,695,0,0,0
1118,92,5,20150927_141134,138,708,0,0,0
1119,92,6,20150927_141134,138,735,0,1,1
1120,92,7,20150927_141134,138,750,0,0,0
1121,92,8,20150927_141134,138,766,0,0,1
1122,92,9,20150927_141134,138,785,0,0,0
1123,93,1,20150927_141634,46,206,0,0,1
1124,93,2,20150927_141634,46,523,0,1,1
1125,93,3,20150927_141634,46,560,0,0,1
1126,93,4,20150927_141634,46,626,0,1,1
1127,93,5,20150927_141634,46,682,0,0,1
1128,93,6,20150927_141634,46,804,0,0,0
1129,93,7,20150927_141634,46,822,0,0,0
1130,93,8,20150927_141634,46,989,0,0,0
1131,94,1,20150927_141634,95,53,0,0,1
1132,94,2,20150927_141634,95,62,0,0,0
1133,94,3,20150927_141634,95,217,0,1,1
1134,94,4,20150927_141634,95,230,0,1,1
1135,94,5,20150927_141634,95,253,0,0,0
1136,94,6,20150927_141634,95,671,0,1,1
1137,94,7,20150927_141634,95,689,0,0,0
1138,95,1,20150927_142135,115,302,0,0,0
1139,95,2,20150927_142135,115,550,0,0,0
1140,95,3,20150927_142135,115,790,0,0,0
1141,95,4,20150927_142135,115,797,0,1,1
1142,95,5,20150927_142135,115,808,0,0,0
1143,95,6,20150927_142135,115,819,0,1,1
1144,95,7,20150927_142135,115,836,0,0,0
1145,95,8,20150927_142135,115,942,0,0,0
1146,96,1,20150927_142135,67,44,0,0,0
1147,96,2,20150927_142135,67,73,0,0,0
1148,96,3,20150927_142135,67,505,0,0,0
1149,96,4,20150927_142135,67,515,0,1,1
1150,96,5,20150927_142135,67,542,0,1,1
1151,96,6,20150927_142135,67,658,0,0,0
1152,96,7,20150927_142135,67,809,0,0,1
1153,96,8,20150927_142135,67,842,0,0,0
1154,96,9,20150927_142135,67,919,0,0,0
1155,96,10,20150927_142135,67,944,0,0,0
1156,97,1,20150927_142135,97,160,0,0,1
1157,97,2,20150927_142135,97,171,0,0,0
1158,97,3,20150927_142135,97,179,0,0,1
1159,97,4,20150927_142135,97,191,0,0,0
1160,97,5,20150927_142135,97,262,0,1,1
1161,97,6,20150927_142135,97,373,0,0,0
1162,97,7,20150927_142135,97,391,0,0,0
1163,97,8,20150927_142135,97,640,0,0,0
1164,97,9,20150927_142135,97,664,0,0,0
1165,97,10,20150927_142135,97,965,0,0,0
1166,98,1,20150927_142635,71,260,0,0,0
1167,98,2,20150927_142635,71,383,0,0,0
1168,98,3,20150927_142635,71,464,0,0,0
1169,98,4,20150927_142635,71,791,0,0,1
1170,98,5,20150927_142635,71,825,0,0,0
1171,98,6,20150927_142635,71,837,0,0,1
1172,98,7,20150927_142635,71,886,0,0,1
1173,98,8,20150927_142635,71,956,0,0,0
1174,99,1,20160802_160438,123,82,0,0,0
1175,99,2,20160802_160438,123,607,0,0,0
1176,100,1,20160802_160938,35,980,0,0,0
1177,101,1,20160802_161939,128,253,0,1,1
1178,101,2,20160802_161939,128,266,0,0,0
1179,102,1,20160802_161939,22,502,0,0,0
1180,102,2,20160802_161939,22,674,0,0,0
1181,103,1,20160802_161939,65,457,0,0,0
1182,103,2,20160802_161939,65,480,0,0,0
1183,103,3,20160802_161939,65,526,0,0,0
1184,103,4,20160802_161939,65,595,0,0,0
1185,103,5,20160802_161939,65,745,0,0,0
1186,104,1,20160802_162439,28,498,0,0,0
1187,104,2,20160802_162439,28,694,0,0,0
1188,104,3,20160802_162439,28,707,0,0,0
1189,104,4,20160802_162439,28,832,0,0,0
1190,105,1,20160802_162939,55,398,0,0,0
1191,105,2,20160802_162939,55,417,0,0,0
1192,106,1,20160802_163439,23,25,0,0,0
1193,106,2,20160802_163439,23,103,0,0,0
1194,106,3,20160802_163439,23,171,0,0,0
1195,106,4,20160802_163439,23,255,0,0,1
1196,106,5,20160802_163439,23,299,0,0,0
1197,106,6,20160802_163439,23,353,0,0,0
1198,106,7,20160802_163439,23,374,0,0,0
1199,106,8,20160802_163439,23,486,0,0,1
1200,106,9,20160802_163439,23,654,0,0,0
1201,106,10,20160802_163439,23,701,0,0,0
1202,106,11,20160802_163439,23,729,0,0,0
1203,107,1,20160802_163940,3,402,0,0,0
1204,107,2,20160802_163940,3,443,0,0,0
1205,107,3,20160802_163940,3,904,0,0,0
1206,107,4,20160802_163940,3,927,0,0,0
1207,108,1,20160802_163940,35,821,0,0,0
1208,109,1,20160802_163940,51,91,0,0,0
1209,109,2,20160802_163940,51,101,0,0,0
1210,109,3,20160802_163940,51,127,0,0,0
1211,110,1,20160802_164440,102,134,0,0,0
1212,110,2,20160802_164440,102,161,0,0,0
1213,110,3,20160802_164440,102,313,0,0,0
1214,111,1,20160802_165440,11,253,0,0,0
1215,111,2,20160802_165440,11,809,0,0,0
1216,112,1,20160802_165440,111,122,0,0,0
1217,112,2,20160802_165440,111,420,0,0,0
1218,112,3,20160802_165440,111,587,0,0,0
1219,113,1,20160802_165440,90,146,0,0,0
1220,113,2,20160802_165440,90,626,0,0,0
1221,113,3,20160802_165440,90,967,0,0,0
1222,113,4,20160802_165440,90,986,0,0,0
1223,113,5,20160802_165440,90,996,0,0,0
1224,114,1,20160807_212510,139,761,1,1,1
1225,114,2,20160807_212510,139,781,1,1,1
1226,114,3,20160807_212510,139,806,1,1,1
1227,114,4,20160807_212510,139,834,1,1,1
1228,115,1,20160814_145725,121,308,0,0,0
1229,115,2,20160814_145725,121,327,0,0,0
1230,115,3,20160814_145725,121,336,0,0,0
1231,115,4,20160814_145725,121,470,0,0,0
1232,116,1,20160814_145725,18,246,0,1,1
1233,116,2,20160814_145725,18,288,0,1,1
1234,117,1,20160814_150225,28,189,0,0,0
1235,117,2,20160814_150225,28,522,0,0,1
1236,117,3,20160814_150225,28,652,0,0,0
1237,118,1,20160814_150725,108,283,0,0,0
1238,118,2,20160814_150725,108,721,0,0,0
1239,119,1,20160814_152726,58,189,0,1,1
1240,119,2,20160814_152726,58,198,0,1,1
1241,119,3,20160814_152726,58,250,0,1,1
1242,120,1,20160814_153226,79,650,0,0,0
1243,120,2,20160814_153226,79,685,0,0,0
1244,121,1,20160814_153726,109,393,0,0,0
1245,121,2,20160814_153726,109,422,0,0,0
1246,121,3,20160814_153726,109,447,0,0,0
1247,121,4,20160814_153726,109,467,0,0,0
1248,121,5,20160814_153726,109,494,0,0,0
1249,121,6,20160814_153726,109,542,0,0,0
1250,122,1,20160814_153726,19,608,0,0,0
1251,122,2,20160814_153726,19,646,0,1,0
1252,122,3,20160814_153726,19,683,0,1,1
1253,122,4,20160814_153726,19,728,0,0,1
1254,122,5,20160814_153726,19,868,0,0,0
1255,122,6,20160814_153726,19,953,0,1,1
1256,123,1,20160815_202845,46,607,0,1,1
1257,123,2,20160815_202845,46,615,0,1,1
1258,123,3,20160815_202845,46,625,0,1,1
1259,123,4,20160815_202845,46,739,0,0,0
1260,123,5,20160815_202845,46,885,0,0,0
1261,123,6,20160815_202845,46,906,0,1,1
1262,124,1,20160815_202845,79,109,0,1,1
1263,124,2,20160815_202845,79,137,0,1,1
1264,124,3,20160815_202845,79,137,0,1,1
1265,124,4,20160815_202845,79,144,0,1,1
1266,124,5,20160815_202845,79,221,0,0,0
1267,124,6,20160815_202845,79,813,0,1,1
1268,125,1,20160815_203345,1,27,0,1,1
1269,125,2,20160815_203345,1,697,1,1,1
1270,125,3,20160815_203345,1,697,0,1,1
1271,125,4,20160815_203345,1,743,0,1,1
1272,125,5,20160815_203345,1,779,0,1,1
1273,125,6,20160815_203345,1,789,0,1,1
1274,125,7,20160815_203345,1,975,0,0,0
1275,126,1,20160815_203345,110,11,1,1,1
1276,126,2,20160815_203345,110,37,0,1,0
1277,126,3,20160815_203345,110,151,0,1,1
1278,126,4,20160815_203345,110,277,0,1,1
1279,126,5,20160815_203345,110,419,0,1,1
1280,126,6,20160815_203345,110,560,0,1,1
1281,127,1,20160815_203345,119,32,0,0,0
1282,127,2,20160815_203345,119,84,0,0,0
1283,127,3,20160815_203345,119,177,0,1,1
1284,127,4,20160815_203345,119,217,0,0,0
1285,127,5,20160815_203345,119,446,0,0,0
1286,127,6,20160815_203345,119,696,0,1,1
1287,127,7,20160815_203345,119,709,0,1,1
1288,128,1,20160815_203345,133,296,1,1,1
1289,128,2,20160815_203345,133,296,0,1,1
1290,128,3,20160815_203345,133,793,0,0,0
1291,128,4,20160815_203345,133,822,0,0,0
1292,128,5,20160815_203345,133,849,0,0,0
1293,128,6,20160815_203345,133,935,0,0,0
1294,128,7,20160815_203345,133,977,0,0,0
1295,129,1,20160815_203345,67,141,0,0,0
1296,129,2,20160815_203345,67,248,0,0,0
1297,129,3,20160815_203345,67,311,0,1,1
1298,129,4,20160815_203345,67,353,0,1,1
1299,129,5,20160815_203345,67,403,0,1,1
1300,129,6,20160815_203345,67,450,0,1,1
1301,129,7,20160815_203345,67,502,0,1,1
1302,129,8,20160815_203345,67,563,0,1,1
1303,129,9,20160815_203345,67,563,1,1,1
1304,129,10,20160815_203345,67,621,0,1,1
1305,129,11,20160815_203345,67,639,0,1,1
1306,129,12,20160815_203345,67,671,0,1,1
1307,129,13,20160815_203345,67,692,0,1,1
1308,129,14,20160815_203345,67,716,0,1,1
1309,130,1,20160815_203846,113,608,1,1,1
1310,130,2,20160815_203846,113,659,1,1,1
1311,130,3,20160815_203846,113,698,0,1,1
1312,130,4,20160815_203846,113,698,1,1,1
1313,130,5,20160815_203846,113,754,0,1,1
1314,130,6,20160815_203846,113,754,1,1,1
1315,130,7,20160815_203846,113,817,1,1,1
1316,130,8,20160815_203846,113,817,0,1,1
1317,130,9,20160815_203846,113,911,0,1,1
1318,130,10,20160815_203846,113,935,0,0,0
1319,130,11,20160815_203846,113,951,1,1,1
1320,130,12,20160815_203846,113,980,0,0,1
1321,131,1,20160815_203846,23,47,0,1,1
1322,131,2,20160815_203846,23,47,1,1,1
1323,131,3,20160815_203846,23,115,0,1,1
1324,131,4,20160815_203846,23,127,0,1,1
1325,131,5,20160815_203846,23,126,0,1,1
1326,131,6,20160815_203846,23,165,1,1,1
1327,131,7,20160815_203846,23,459,0,1,1
1328,131,8,20160815_203846,23,628,0,0,0
1329,132,1,20160815_203846,42,185,0,0,0
1330,132,2,20160815_203846,42,407,0,0,0
1331,132,3,20160815_203846,42,446,0,0,0
1332,132,4,20160815_203846,42,514,0,0,0
1333,132,5,20160815_203846,42,567,0,0,0
1334,132,6,20160815_203846,42,601,0,1,1
1335,132,7,20160815_203846,42,818,1,1,1
1336,132,8,20160815_203846,42,839,0,1,1
1337,132,9,20160815_203846,42,839,1,1,1
1338,132,10,20160815_203846,42,856,1,1,1
1339,132,11,20160815_203846,42,926,0,1,1
1340,132,12,20160815_203846,42,956,0,1,0
1341,133,1,20160815_204346,19,40,0,0,0
1342,133,2,20160815_204346,19,215,1,1,1
1343,133,3,20160815_204346,19,213,0,1,1
1344,133,4,20160815_204346,19,272,0,0,0
1345,133,5,20160815_204346,19,358,1,1,1
1346,133,6,20160815_204346,19,358,0,1,1
1347,133,7,20160815_204346,19,386,0,0,0
1348,133,8,20160815_204346,19,490,0,1,1
1349,133,9,20160815_204346,19,577,0,1,1
1350,133,10,20160815_204346,19,672,0,1,1
1351,133,11,20160815_204346,19,787,0,0,0
1352,133,12,20160815_204346,19,805,0,0,0
1353,133,13,20160815_204346,19,829,0,1,1
1354,133,14,20160815_204346,19,844,0,0,0
1355,133,15,20160815_204346,19,945,0,0,0
1356,134,1,20160815_204846,136,4,0,0,0
1357,134,2,20160815_204846,136,59,0,1,1
1358,134,3,20160815_204846,136,65,0,1,1
1359,134,4,20160815_204846,136,232,0,1,0
1360,134,5,20160815_204846,136,531,0,1,1
1361,134,6,20160815_204846,136,570,0,0,0
1362,135,1,20160815_205346,3,85,0,0,0
1363,135,2,20160815_205346,3,150,0,1,1
1364,135,3,20160815_205346,3,177,0,1,1
1365,135,4,20160815_205346,3,208,0,1,1
1366,135,5,20160815_205346,3,262,0,1,1
1367,135,6,20160815_205346,3,269,0,1,1
1368,135,7,20160815_205346,3,867,0,1,1
1369,136,1,20160815_205346,84,321,0,0,0
1370,136,2,20160815_205346,84,400,0,1,1
1371,136,3,20160815_205346,84,482,0,1,1
1372,136,4,20160815_205346,84,605,0,1,1
1373,136,5,20160815_205346,84,670,0,1,1
1374,136,6,20160815_205346,84,816,0,0,0
1375,136,7,20160815_205346,84,837,0,1,1
1376,136,8,20160815_205346,84,922,0,1,1
1377,137,1,20160815_205846,16,612,0,1,1
1378,137,2,20160815_205846,16,627,0,1,1
1379,137,3,20160815_205846,16,807,0,1,1
1380,137,4,20160815_205846,16,868,0,0,0
1381,137,5,20160815_205846,16,916,0,1,0
1382,137,6,20160815_205846,16,981,0,1,0
1383,138,1,20160815_210347,125,135,0,1,1
1384,138,2,20160815_210347,125,609,0,1,1
1385,138,3,20160815_210347,125,634,0,1,1
1386,138,4,20160815_210347,125,667,0,1,1
1387,138,5,20160815_210347,125,701,0,1,1
1388,139,1,20160815_211847,101,136,0,0,0
1389,139,2,20160815_211847,101,307,0,0,1
1390,139,3,20160815_211847,101,319,0,0,0
1391,139,4,20160815_211847,101,341,0,0,0
1392,139,5,20160815_211847,101,733,0,0,0
1393,140,1,20160815_211847,87,16,0,0,0
1394,140,2,20160815_211847,87,34,1,1,1
1395,140,3,20160815_211847,87,34,0,1,1
1396,140,4,20160815_211847,87,68,0,1,1
1397,140,5,20160815_211847,87,87,0,1,1
1398,140,6,20160815_211847,87,156,0,1,1
1399,140,7,20160815_211847,87,209,0,1,1
1400,140,8,20160815_211847,87,507,0,0,1
1401,141,1,20160821_184509,103,172,0,0,0
1402,141,2,20160821_184509,103,327,0,0,0
1403,141,3,20160821_184509,103,422,0,0,0
1404,141,4,20160821_184509,103,464,0,1,1
1405,141,5,20160821_184509,103,522,0,1,1
1406,141,6,20160821_184509,103,634,0,1,1
1407,141,7,20160821_184509,103,674,0,1,1
1408,141,8,20160821_184509,103,674,1,1,1
1409,141,9,20160821_184509,103,899,1,1,1
1410,141,10,20160821_184509,103,899,0,1,1
1411,141,11,20160821_184509,103,912,0,0,0
1412,141,12,20160821_184509,103,930,0,1,1
1413,141,13,20160821_184509,103,930,1,1,1
1414,141,14,20160821_184509,103,956,0,1,1
1415,141,15,20160821_184509,103,986,0,1,1
1416,142,1,20160821_184509,106,99,0,0,0
1417,142,2,20160821_184509,106,152,0,0,0
1418,142,3,20160821_184509,106,186,1,1,1
1419,142,4,20160821_184509,106,220,1,1,1
1420,142,5,20160821_184509,106,261,0,1,1
1421,142,6,20160821_184509,106,286,0,0,0
1422,142,7,20160821_184509,106,399,0,0,0
1423,142,8,20160821_184509,106,453,0,1,1
1424,143,1,20160821_184509,124,49,0,1,1
1425,143,2,20160821_184509,124,84,0,1,1
1426,143,3,20160821_184509,124,122,1,1,1
1427,143,4,20160821_184509,124,122,0,1,1
1428,143,5,20160821_184509,124,208,0,1,1
1429,143,6,20160821_184509,124,219,0,0,0
1430,143,7,20160821_184509,124,733,0,1,1
1431,143,8,20160821_184509,124,954,0,0,0
1432,144,1,20160821_185510,114,131,0,1,1
1433,144,2,20160821_185510,114,171,0,0,0
1434,144,3,20160821_185510,114,220,1,1,1
1435,144,4,20160821_185510,114,220,0,1,1
1436,144,5,20160821_185510,114,461,0,0,0
1437,144,6,20160821_185510,114,521,0,0,0
1438,144,7,20160821_185510,114,538,0,0,0
1439,144,8,20160821_185510,114,586,0,0,0
1440,145,1,20160821_185510,81,60,0,1,1
1441,145,2,20160821_185510,81,60,1,1,1
1442,145,3,20160821_185510,81,159,0,0,0
1443,145,4,20160821_185510,81,192,0,0,0
1444,145,5,20160821_185510,81,217,1,1,1
1445,145,6,20160821_185510,81,329,0,0,0
1446,146,1,20160821_190010,96,4,0,0,0
1447,146,2,20160821_190010,96,13,0,0,0
1448,146,3,20160821_190010,96,115,0,0,0
1449,146,4,20160821_190010,96,186,0,0,0
1450,146,5,20160821_190010,96,277,0,0,0
1451,146,6,20160821_190010,96,312,0,0,0
1452,146,7,20160821_190010,96,464,0,0,0
1453,146,8,20160821_190010,96,478,0,0,0
1454,146,9,20160821_190010,96,530,0,0,0
1455,146,10,20160821_190010,96,723,0,1,1
1456,146,11,20160821_190010,96,967,0,1,1
1457,146,12,20160821_190010,96,967,1,1,1
1458,147,1,20160821_193512,140,3,0,0,0
1459,147,2,20160821_193512,140,58,0,0,0
1460,147,3,20160821_193512,140,58,1,0,0
1461,147,4,20160821_193512,140,134,0,1,0
1462,147,5,20160821_193512,140,208,1,1,1
1463,147,6,20160821_193512,140,245,0,1,1
1464,147,7,20160821_193512,140,245,1,1,1
1465,147,8,20160821_193512,140,274,0,0,0
1466,147,9,20160821_193512,140,379,0,1,1
1467,147,10,20160821_193512,140,378,1,1,1
1468,147,11,20160821_193512,140,400,0,1,1
1469,147,12,20160821_193512,140,400,1,1,1
1470,147,13,20160821_193512,140,474,0,1,1
1471,147,14,20160821_193512,140,474,1,1,1
1472,147,15,20160821_193512,140,500,0,1,1
1473,147,16,20160821_193512,140,534,0,1,1
1474,147,17,20160821_193512,140,569,0,0,0
1475,147,18,20160821_193512,140,600,0,1,1
1476,147,19,20160821_193512,140,600,1,1,1
1477,147,20,20160821_193512,140,702,0,0,0
1478,147,21,20160821_193512,140,730,0,1,1
1479,147,22,20160821_193512,140,813,1,1,1
1480,148,1,20160830_191000,134,17,0,0,0
1481,148,2,20160830_191000,134,30,0,1,1
1482,148,3,20160830_191000,134,51,0,0,0
1483,148,4,20160830_191000,134,83,0,0,0
1484,148,5,20160830_191000,134,132,0,1,1
1485,148,6,20160830_191000,134,176,0,1,1
1486,148,7,20160830_191000,134,255,0,0,0
1487,148,8,20160830_191000,134,265,0,1,1
1488,148,9,20160830_191000,134,292,0,1,1
1489,148,10,20160830_191000,134,308,0,0,0
1490,148,11,20160830_191000,134,495,0,1,1
1491,148,12,20160830_191000,134,658,0,1,1
1492,148,13,20160830_191000,134,715,0,1,1
1493,148,14,20160830_191000,134,763,1,1,1
1494,148,15,20160830_191000,134,763,0,1,1
1495,148,16,20160830_191000,134,913,0,0,0
1496,148,17,20160830_191000,134,989,0,0,0
1497,149,1,20160830_191000,23,45,0,0,0
1498,149,2,20160830_191000,23,184,0,1,0
1499,149,3,20160830_191000,23,381,0,0,0
1500,149,4,20160830_191000,23,441,0,0,0
1501,149,5,20160830_191000,23,450,0,0,0
1502,149,6,20160830_191000,23,504,0,1,1
1503,149,7,20160830_191000,23,526,0,1,1
1504,149,8,20160830_191000,23,533,0,1,1
1505,149,9,20160830_191000,23,559,0,1,1
1506,149,10,20160830_191000,23,559,1,1,1
1507,149,11,20160830_191000,23,815,1,1,1
1508,149,12,20160830_191000,23,847,0,1,1
1509,149,13,20160830_191000,23,923,0,1,1
1510,149,14,20160830_191000,23,952,0,0,1
1511,149,15,20160830_191000,23,970,0,0,0
1512,150,1,20160830_191500,117,9,0,1,1
1513,150,2,20160830_191500,117,23,0,1,1
1514,150,3,20160830_191500,117,23,1,1,1
1515,150,4,20160830_191500,117,58,0,0,1
1516,150,5,20160830_191500,117,70,0,0,0
1517,150,6,20160830_191500,117,118,0,0,0
1518,150,7,20160830_191500,117,141,0,1,1
1519,150,8,20160830_191500,117,141,1,1,1
1520,150,9,20160830_191500,117,163,0,1,1
1521,150,10,20160830_191500,117,309,0,1,1
1522,150,11,20160830_191500,117,368,0,0,0
1523,150,12,20160830_191500,117,376,0,0,0
1524,150,13,20160830_191500,117,413,0,0,0
1525,150,14,20160830_191500,117,413,0,1,1
1526,150,15,20160830_191500,117,451,0,0,0
1527,150,16,20160830_191500,117,493,0,0,0
1528,150,17,20160830_191500,117,502,0,0,0
1529,150,18,20160830_191500,117,528,0,0,0
1530,150,19,20160830_191500,117,704,0,1,1
1531,150,20,20160830_191500,117,999,0,0,0
1532,151,1,20160830_191500,90,221,0,0,0
1533,151,2,20160830_191500,90,234,0,1,1
1534,151,3,20160830_191500,90,319,0,1,1
1535,151,4,20160830_191500,90,319,1,1,1
1536,151,5,20160830_191500,90,541,0,0,0
1537,151,6,20160830_191500,90,642,0,1,1
1538,151,7,20160830_191500,90,642,1,1,1
1539,151,8,20160830_191500,90,673,0,1,1
1540,151,9,20160830_191500,90,673,1,1,1
1541,151,10,20160830_191500,90,745,0,1,1
1542,151,11,20160830_191500,90,791,0,1,1
1543,151,12,20160830_191500,90,811,0,0,0
1544,151,13,20160830_191500,90,859,0,1,1
1545,151,14,20160830_191500,90,881,0,0,0
1546,151,15,20160830_191500,90,925,0,1,1
1547,151,16,20160830_191500,90,964,0,1,1
1548,152,1,20160830_192000,15,50,0,1,1
1549,152,2,20160830_192000,15,50,1,1,1
1550,152,3,20160830_192000,15,177,1,1,1
1551,152,4,20160830_192000,15,229,0,0,0
1552,152,5,20160830_192000,15,242,1,1,1
1553,152,6,20160830_192000,15,289,0,1,1
1554,152,7,20160830_192000,15,395,0,1,1
1555,152,8,20160830_192000,15,424,0,0,0
1556,153,1,20160830_193000,2,103,0,0,0
1557,153,2,20160830_193000,2,567,0,0,1
1558,153,3,20160830_193000,2,563,1,0,1
1559,153,4,20160830_193000,2,589,0,0,0
1560,153,5,20160830_193000,2,714,0,1,1
1561,153,6,20160830_193000,2,752,0,0,0
1562,153,7,20160830_193000,2,772,0,1,1
1563,153,8,20160830_193000,2,772,1,1,1
1564,153,9,20160830_193000,2,813,0,1,1
1565,153,10,20160830_193000,2,813,1,1,1
1566,153,11,20160830_193000,2,865,0,1,1
1567,153,12,20160830_193000,2,865,1,1,1
1568,153,13,20160830_193000,2,901,0,1,1
1569,153,14,20160830_193000,2,900,1,1,1
1570,153,15,20160830_193000,2,971,1,1,1
1571,153,16,20160830_193000,2,971,0,1,1
1572,154,1,20160830_194501,98,44,0,0,0
1573,154,2,20160830_194501,98,424,0,1,1
1574,154,3,20160830_194501,98,439,0,1,1
1575,154,4,20160830_194501,98,456,0,1,1
1576,154,5,20160830_194501,98,654,0,0,0
1577,154,6,20160830_194501,98,753,1,1,1
1578,154,7,20160830_194501,98,811,0,1,1
1579,154,8,20160830_194501,98,811,1,1,1
1580,154,9,20160830_194501,98,847,0,0,0
1581,154,10,20160830_194501,98,862,0,1,1
1582,154,11,20160830_194501,98,920,0,0,0
1583,155,1,20160830_195001,33,210,1,1,1
1584,155,2,20160830_195001,33,414,1,1,1
1585,155,3,20160830_195001,33,438,0,1,1
1586,155,4,20160830_195001,33,460,0,1,1
1587,155,5,20160830_195001,33,486,0,1,1
1588,155,6,20160830_195001,33,540,0,1,1
1589,155,7,20160830_195001,33,597,0,1,1
1590,155,8,20160830_195001,33,640,0,1,1
1591,155,9,20160830_195001,33,749,0,0,0
1592,155,10,20160830_195001,33,791,1,1,1
1593,156,1,20170702_161620,119,405,0,0,0
1594,157,1,20170702_161620,48,720,0,0,0
1595,158,1,20170702_161620,98,132,0,0,0
1596,158,2,20170702_161620,98,148,0,0,0
1597,159,1,20170702_164121,52,71,0,0,0
1598,159,2,20170702_164121,52,408,0,0,0
1599,159,3,20170702_164121,52,438,0,0,0
1600,159,4,20170702_164121,52,461,0,0,0
1601,159,5,20170702_164121,52,475,0,0,0
1602,159,6,20170702_164121,52,575,0,0,0
1603,159,7,20170702_164121,52,639,0,0,0
1604,159,8,20170702_164121,52,673,0,0,0
1605,159,9,20170702_164121,52,744,0,0,0
1606,160,1,20170702_164621,16,337,0,0,1
1607,160,2,20170702_164621,16,359,0,0,0
1608,160,3,20170702_164621,16,425,0,0,0
1609,160,4,20170702_164621,16,470,0,0,0
1610,160,5,20170702_164621,16,598,0,0,0
1611,160,6,20170702_164621,16,718,0,0,0
1612,161,1,20170702_164621,99,68,0,0,0
1613,161,2,20170702_164621,99,87,0,0,0
1614,161,3,20170702_164621,99,124,0,1,1
1615,161,4,20170702_164621,99,239,0,0,0
1616,161,5,20170702_164621,99,291,0,1,1
1617,162,1,20170707_230135,29,512,1,1,1
1618,162,2,20170707_230135,29,557,1,1,1
1619,162,3,20170707_230135,29,624,1,0,1
1620,163,1,20170707_230135,9,198,0,0,0
1621,163,2,20170707_230135,9,437,0,0,1
1622,163,3,20170707_230135,9,633,0,0,0
1623,163,4,20170707_230135,9,733,0,1,1
1624,163,5,20170707_230135,9,733,1,1,1
1625,163,6,20170707_230135,9,773,0,0,0
1626,164,1,20170707_230635,53,678,1,1,1
1627,164,2,20170707_230635,53,697,1,1,1
1628,164,3,20170707_230635,53,795,1,1,1
1629,165,1,20170707_230635,83,570,0,1,1
1630,165,2,20170707_230635,83,570,1,1,1
1631,165,3,20170707_230635,83,830,0,0,0
1632,166,1,20170707_231135,31,626,0,1,1
1633,166,2,20170707_231135,31,650,0,1,1
1634,166,3,20170707_231135,31,847,1,1,1
1635,166,4,20170707_231135,31,878,1,1,1
1636,166,5,20170707_231135,31,934,1,1,1
1637,166,6,20170707_231135,31,982,1,1,1
1638,167,1,20170707_231135,65,132,0,0,1
1639,167,2,20170707_231135,65,952,1,1,1
1640,168,1,20170707_231635,129,61,0,0,0
1641,168,2,20170707_231635,129,853,1,1,1
1642,168,3,20170707_231635,129,895,1,1,1
1643,169,1,20170707_232136,124,474,0,0,0
1644,169,2,20170707_232136,124,474,1,0,0
1645,169,3,20170707_232136,124,709,0,0,1
1646,169,4,20170707_232136,124,853,1,1,1
1647,169,5,20170707_232136,124,908,1,1,1
1648,169,6,20170707_232136,124,961,1,1,1
1649,169,7,20170707_232136,124,996,0,0,0
1650,170,1,20170707_233136,45,89,0,0,0
1651,170,2,20170707_233136,45,195,0,0,0
1652,170,3,20170707_233136,45,602,1,1,1
1653,170,4,20170707_233136,45,648,1,1,1
1654,170,5,20170707_233136,45,674,1,1,1
1655,170,6,20170707_233136,45,719,0,1,1
1656,170,7,20170707_233136,45,733,0,0,0
1657,170,8,20170707_233136,45,813,1,1,1
1658,170,9,20170707_233136,45,904,0,1,1
1659,170,10,20170707_233136,45,904,1,1,1
1660,171,1,20170707_233636,142,165,0,1,0
1661,171,2,20170707_233636,142,253,1,1,1
1662,171,3,20170707_233636,142,334,0,1,1
1663,171,4,20170707_233636,142,334,1,1,1
1664,171,5,20170707_233636,142,373,0,0,0
1665,172,1,20170707_234137,6,42,0,0,0
1666,172,2,20170707_234137,6,58,0,0,0
1667,172,3,20170707_234137,6,391,0,0,0
1668,172,4,20170707_234137,6,521,0,0,0
1669,172,5,20170707_234137,6,757,1,1,1
1670,172,6,20170707_234137,6,807,0,1,1
1671,172,7,20170707_234137,6,807,1,1,1
1672,172,8,20170707_234137,6,882,0,0,0
1673,172,9,20170707_234137,6,916,1,1,1
1674,173,1,20170707_234637,41,136,0,0,0
1675,173,2,20170707_234637,41,164,0,1,1
1676,173,3,20170707_234637,41,178,0,1,1
1677,173,4,20170707_234637,41,193,1,1,1
1678,173,5,20170707_234637,41,246,0,1,1
1679,173,6,20170707_234637,41,246,1,1,1
1680,173,7,20170707_234637,41,324,0,0,1
1681,173,8,20170707_234637,41,353,1,1,1
1682,173,9,20170707_234637,41,417,0,0,0
1683,173,10,20170707_234637,41,564,0,0,0
1684,173,11,20170707_234637,41,887,0,0,0
1685,174,1,20170707_235637,85,44,0,0,0
1686,174,2,20170707_235637,85,134,0,0,0
1687,174,3,20170707_235637,85,196,0,1,1
1688,174,4,20170707_235637,85,492,1,1,1
1689,174,5,20170707_235637,85,611,0,0,0
1690,175,1,20170714_153824,124,342,0,1,1
1691,175,2,20170714_153824,124,436,0,0,0
1692,175,3,20170714_153824,124,479,0,0,0
1693,175,4,20170714_153824,124,588,0,0,0
1694,175,5,20170714_153824,124,778,0,0,0
1695,176,1,20170714_153824,134,595,0,0,0
1696,176,2,20170714_153824,134,678,0,0,0
1697,176,3,20170714_153824,134,711,0,0,0
1698,177,1,20170714_155325,107,160,0,0,0
1699,177,2,20170714_155325,107,336,0,0,0
1700,177,3,20170714_155325,107,644,0,0,0
1701,177,4,20170714_155325,107,664,0,0,0
1702,177,5,20170714_155325,107,731,0,0,0
1703,177,6,20170714_155325,107,771,0,0,0
1704,177,7,20170714_155325,107,859,0,0,0
1705,177,8,20170714_155325,107,905,0,0,0
1706,177,9,20170714_155325,107,966,0,0,0
1707,178,1,20170714_155325,90,149,0,0,0
1708,178,2,20170714_155325,90,204,0,0,0
1709,178,3,20170714_155325,90,607,0,0,0
1710,179,1,20170714_155825,62,299,0,0,0
1711,179,2,20170714_155825,62,308,0,0,0
1712,179,3,20170714_155825,62,403,0,0,0
1713,179,4,20170714_155825,62,435,0,0,0
1714,179,5,20170714_155825,62,538,0,1,1
1715,179,6,20170714_155825,62,701,0,0,0
1716,179,7,20170714_155825,62,937,0,0,0
1717,180,1,20170715_121417,62,108,0,0,0
1718,180,2,20170715_121417,62,489,0,0,0
1719,180,3,20170715_121417,62,496,0,0,0
1720,180,4,20170715_121417,62,563,0,0,0
1721,180,5,20170715_121417,62,897,0,0,0
1722,180,6,20170715_121417,62,952,0,0,0
1723,181,1,20170715_121917,35,153,0,0,0
1724,181,2,20170715_121917,35,671,0,0,0
1725,181,3,20170715_121917,35,678,0,0,0
1726,181,4,20170715_121917,35,697,0,0,0
1727,182,1,20170715_121917,45,248,0,0,0
1728,183,1,20170715_123918,140,538,0,0,0
1729,183,2,20170715_123918,140,559,0,1,1
1730,183,3,20170715_123918,140,626,0,1,1
1731,183,4,20170715_123918,140,684,0,1,1
1732,183,5,20170715_123918,140,722,0,1,1
1733,183,6,20170715_123918,140,745,0,0,0
1734,183,7,20170715_123918,140,841,0,1,1
1735,183,8,20170715_123918,140,890,0,1,1
1736,184,1,20170715_123918,48,889,0,0,0
1737,184,2,20170715_123918,48,898,0,1,1
1738,184,3,20170715_123918,48,920,0,1,1
1739,185,1,20170715_125419,68,455,0,1,1
1740,185,2,20170715_125419,68,484,0,1,1
1741,185,3,20170715_125419,68,637,0,1,1
1742,185,4,20170715_125419,68,645,0,1,1
1743,185,5,20170715_125419,68,757,0,1,1
1744,185,6,20170715_125419,68,789,0,1,1
1745,185,7,20170715_125419,68,820,0,1,1
1746,185,8,20170715_125419,68,840,0,0,0
1747,186,1,20170715_125419,86,467,0,0,0
1748,186,2,20170715_125419,86,484,0,0,0
1749,186,3,20170715_125419,86,555,0,1,0
1750,186,4,20170715_125419,86,925,0,1,1
1751,187,1,20170715_125419,94,84,0,1,1
1752,187,2,20170715_125419,94,84,1,1,1
1753,187,3,20170715_125419,94,125,0,1,0
1754,187,4,20170715_125419,94,246,0,1,1
1755,187,5,20170715_125419,94,279,0,0,0
1756,188,1,20170715_125919,124,39,0,1,1
1757,188,2,20170715_125919,124,72,0,1,1
1758,188,3,20170715_125919,124,645,0,0,0
1759,188,4,20170715_125919,124,659,0,1,1
1760,188,5,20170715_125919,124,662,0,1,1
1761,188,6,20170715_125919,124,682,0,1,1
1762,188,7,20170715_125919,124,692,0,1,1
1763,189,1,20170715_125919,76,597,0,0,0
1764,189,2,20170715_125919,76,660,0,1,1
1765,189,3,20170715_125919,76,964,0,1,1
1766,190,1,20170715_130419,144,405,0,0,0
1767,190,2,20170715_130419,144,701,0,1,1
1768,190,3,20170715_130419,144,742,0,1,1
1769,190,4,20170715_130419,144,766,0,1,1
1770,190,5,20170715_130419,144,859,0,1,1
1771,190,6,20170715_130419,144,899,0,1,1
1772,190,7,20170715_130419,144,956,0,1,1
1773,190,8,20170715_130419,144,987,0,1,1
1774,191,1,20170715_130920,111,23,0,1,1
1775,191,2,20170715_130920,111,44,0,1,1
1776,191,3,20170715_130920,111,110,0,1,1
1777,191,4,20170715_130920,111,151,0,1,1
1778,191,5,20170715_130920,111,194,0,1,1
1779,191,6,20170715_130920,111,761,0,0,0
1780,191,7,20170715_130920,111,835,0,0,0
1781,191,8,20170715_130920,111,908,0,0,0
1782,192,1,20170715_130920,44,194,0,0,0
1783,192,2,20170715_130920,44,428,0,1,1
1784,192,3,20170715_130920,44,441,0,1,1
1785,192,4,20170715_130920,44,477,0,1,1
1786,192,5,20170715_130920,44,491,0,1,1
1787,192,6,20170715_130920,44,548,0,1,1
1788,192,7,20170715_130920,44,578,0,1,1
1789,192,8,20170715_130920,44,661,0,1,1
1790,192,9,20170715_130920,44,740,0,1,1
1791,192,10,20170715_130920,44,777,0,1,1
1792,192,11,20170715_130920,44,977,0,1,1
1793,193,1,20170715_130920,7,255,0,1,1
1794,193,2,20170715_130920,7,279,0,1,1
1795,193,3,20170715_130920,7,338,0,1,1
1796,193,4,20170715_130920,7,400,0,1,1
1797,193,5,20170715_130920,7,533,0,1,1
1798,193,6,20170715_130920,7,557,0,0,0
1799,193,7,20170715_130920,7,616,0,1,1
1800,193,8,20170715_130920,7,709,0,1,1
1801,193,9,20170715_130920,7,792,0,1,1
1802,193,10,20170715_130920,7,911,0,1,1
1803,194,1,20170721_215037,10,77,0,0,0
1804,194,2,20170721_215037,10,175,0,0,0
1805,194,3,20170721_215037,10,493,0,1,1
1806,194,4,20170721_215037,10,733,0,1,1
1807,194,5,20170721_215037,10,733,1,1,1
1808,194,6,20170721_215037,10,756,0,1,1
1809,194,7,20170721_215037,10,778,0,1,1
1810,194,8,20170721_215037,10,803,0,1,1
1811,194,9,20170721_215037,10,827,0,1,1
1812,194,10,20170721_215037,10,844,1,1,1
1813,194,11,20170721_215037,10,874,0,1,1
1814,194,12,20170721_215037,10,932,0,0,0
1815,194,13,20170721_215037,10,948,0,1,1
1816,194,14,20170721_215037,10,948,1,1,1
1817,195,1,20170721_221038,133,234,0,0,0
1818,195,2,20170721_221038,133,303,1,1,1
1819,195,3,20170721_221038,133,303,0,1,1
1820,195,4,20170721_221038,133,338,0,0,0
1821,195,5,20170721_221038,133,405,0,0,0
1822,195,6,20170721_221038,133,417,0,1,1
1823,195,7,20170721_221038,133,481,0,1,1
1824,195,8,20170721_221038,133,520,0,1,0
1825,195,9,20170721_221038,133,543,0,1,1
1826,195,10,20170721_221038,133,552,0,1,1
1827,195,11,20170721_221038,133,568,0,1,1
1828,195,12,20170721_221038,133,628,1,1,1
1829,195,13,20170721_221038,133,645,0,0,0
1830,195,14,20170721_221038,133,652,0,0,0
1831,195,15,20170721_221038,133,660,0,0,0
1832,195,16,20170721_221038,133,680,0,1,1
1833,195,17,20170721_221038,133,699,0,1,1
1834,195,18,20170721_221038,133,726,0,1,1
1835,195,19,20170721_221038,133,860,0,0,1
1836,195,20,20170721_221038,133,894,0,1,0
1837,195,21,20170721_221038,133,954,0,1,1
1838,195,22,20170721_221038,133,994,0,1,1
1839,196,1,20170721_222039,139,83,0,0,0
1840,196,2,20170721_222039,139,156,1,1,1
1841,196,3,20170721_222039,139,198,1,1,1
1842,196,4,20170721_222039,139,239,0,1,1
1843,196,5,20170721_222039,139,308,0,1,1
1844,196,6,20170721_222039,139,308,1,1,1
1845,196,7,20170721_222039,139,380,0,0,0
1846,196,8,20170721_222039,139,417,0,0,0
1847,196,9,20170721_222039,139,514,0,0,0
1848,196,10,20170721_222039,139,827,1,1,1
1849,196,11,20170721_222039,139,827,0,1,1
1850,196,12,20170721_222039,139,886,0,0,0
1851,196,13,20170721_222039,139,898,1,1,1
1852,196,14,20170721_222039,139,951,0,0,0
1853,197,1,20170721_222039,46,704,0,1,1
1854,197,2,20170721_222039,46,704,1,1,1
1855,197,3,20170721_222039,46,737,0,1,1
1856,197,4,20170721_222039,46,779,0,1,1
1857,197,5,20170721_222039,46,779,1,1,1
1858,197,6,20170721_222039,46,831,0,1,1
1859,197,7,20170721_222039,46,874,0,0,0
1860,197,8,20170721_222039,46,903,0,1,1
1861,197,9,20170721_222039,46,970,0,1,1
1862,198,1,20170721_222039,92,42,0,0,0
1863,198,2,20170721_222039,92,42,0,1,0
1864,198,3,20170721_222039,92,101,0,1,1
1865,198,4,20170721_222039,92,101,1,1,1
1866,198,5,20170721_222039,92,127,1,1,1
1867,198,6,20170721_222039,92,127,0,1,1
1868,198,7,20170721_222039,92,239,0,0,0
1869,198,8,20170721_222039,92,245,0,0,0
1870,198,9,20170721_222039,92,321,0,0,0
1871,198,10,20170721_222039,92,338,0,0,0
1872,198,11,20170721_222039,92,361,0,0,0
1873,199,1,20170721_222039,99,185,1,1,1
1874,199,2,20170721_222039,99,270,0,1,1
1875,199,3,20170721_222039,99,289,0,1,1
1876,199,4,20170721_222039,99,303,0,1,1
1877,199,5,20170721_222039,99,313,0,0,0
1878,199,6,20170721_222039,99,365,0,1,1
1879,199,7,20170721_222039,99,373,0,1,1
1880,199,8,20170721_222039,99,417,0,0,0
1881,199,9,20170721_222039,99,450,0,0,0
1882,199,10,20170721_222039,99,605,0,0,0
1883,200,1,20170721_222539,107,275,0,1,1
1884,200,2,20170721_222539,107,345,0,1,1
1885,200,3,20170721_222539,107,398,0,1,1
1886,200,4,20170721_222539,107,452,0,1,1
1887,200,5,20170721_222539,107,522,0,1,1
1888,200,6,20170721_222539,107,568,0,1,1
1889,200,7,20170721_222539,107,639,0,1,0
1890,200,8,20170721_222539,107,735,0,1,1
1891,200,9,20170721_222539,107,766,0,1,1
1892,200,10,20170721_222539,107,816,0,0,0
1893,200,11,20170721_222539,107,849,0,1,1
1894,200,12,20170721_222539,107,897,0,0,0
1895,200,13,20170721_222539,107,965,0,1,1
1896,201,1,20170721_222539,15,251,0,1,1
1897,201,2,20170721_222539,15,258,0,1,1
1898,201,3,20170721_222539,15,286,0,1,1
1899,201,4,20170721_222539,15,302,0,1,1
1900,201,5,20170721_222539,15,316,0,1,1
1901,201,6,20170721_222539,15,323,0,0,0
1902,201,7,20170721_222539,15,348,0,1,1
1903,201,8,20170721_222539,15,429,0,1,1
1904,201,9,20170721_222539,15,429,1,1,1
1905,201,10,20170721_222539,15,533,0,1,1
1906,201,11,20170721_222539,15,836,0,1,1
1907,202,1,20170721_223539,139,18,0,0,0
1908,202,2,20170721_223539,139,39,0,0,0
1909,202,3,20170721_223539,139,118,0,0,0
1910,202,4,20170721_223539,139,127,0,1,1
1911,202,5,20170721_223539,139,221,0,0,0
1912,202,6,20170721_223539,139,237,0,1,1
1913,202,7,20170721_223539,139,237,1,1,1
1914,202,8,20170721_223539,139,284,0,0,0
1915,202,9,20170721_223539,139,309,0,1,1
1916,202,10,20170721_223539,139,332,0,1,1
1917,202,11,20170721_223539,139,486,0,1,1
1918,202,12,20170721_223539,139,554,0,0,0
1919,202,13,20170721_223539,139,574,0,1,1
1920,202,14,20170721_223539,139,795,0,0,0
1921,202,15,20170721_223539,139,871,0,0,0
1922,203,1,20170721_223539,67,286,1,1,1
1923,203,2,20170721_223539,67,315,0,1,1
1924,203,3,20170721_223539,67,316,1,1,1
1925,203,4,20170721_223539,67,374,1,1,1
1926,203,5,20170721_223539,67,426,0,1,1
1927,203,6,20170721_223539,67,663,0,1,1
1928,203,7,20170721_223539,67,879,0,0,0
1929,203,8,20170721_223539,67,923,0,0,0
1930,203,9,20170721_223539,67,937,0,0,0
1931,203,10,20170721_223539,67,947,0,1,1
1932,203,11,20170721_223539,67,959,0,1,1
1933,204,1,20170721_224540,112,134,0,0,0
1934,204,2,20170721_224540,112,157,0,0,0
1935,204,3,20170721_224540,112,177,0,0,0
1936,204,4,20170721_224540,112,616,0,1,1
1937,204,5,20170721_224540,112,616,1,1,1
1938,204,6,20170721_224540,112,645,0,0,0
1939,204,7,20170721_224540,112,752,1,1,1
1940,204,8,20170721_224540,112,797,0,0,0
1941,204,9,20170721_224540,112,810,0,1,1
1942,204,10,20170721_224540,112,821,0,1,1
1943,204,11,20170721_224540,112,897,1,1,1
1944,204,12,20170721_224540,112,901,0,1,1
1945,205,1,20170730_170406,26,386,0,1,1
1946,205,2,20170730_170406,26,395,0,1,1
1947,205,3,20170730_170406,26,552,0,1,1
1948,205,4,20170730_170406,26,587,0,1,1
1949,205,5,20170730_170406,26,605,0,1,1
1950,205,6,20170730_170406,26,620,0,0,0
1951,205,7,20170730_170406,26,738,0,0,0
1952,205,8,20170730_170406,26,782,0,1,1
1953,205,9,20170730_170406,26,857,0,0,0
1954,205,10,20170730_170406,26,904,0,1,1
1955,206,1,20170730_170406,65,228,0,0,0
1956,206,2,20170730_170406,65,824,0,0,0
1957,206,3,20170730_170406,65,856,0,1,1
1958,206,4,20170730_170406,65,892,0,1,1
1959,206,5,20170730_170406,65,906,0,0,0
1960,206,6,20170730_170406,65,977,0,1,0
1961,206,7,20170730_170406,65,986,0,1,1
1962,207,1,20170730_171406,8,10,0,1,1
1963,207,2,20170730_171406,8,34,0,0,1
1964,207,3,20170730_171406,8,115,0,1,1
1965,207,4,20170730_171406,8,177,0,0,0
1966,207,5,20170730_171406,8,248,0,1,1
1967,207,6,20170730_171406,8,269,0,1,1
1968,207,7,20170730_171406,8,279,0,0,0
1969,207,8,20170730_171406,8,286,0,0,0
1970,207,9,20170730_171406,8,317,0,0,0
1971,207,10,20170730_171406,8,405,0,0,0
1972,207,11,20170730_171406,8,414,0,0,0
1973,207,12,20170730_171406,8,426,0,0,0
1974,207,13,20170730_171406,8,574,0,1,1
1975,207,14,20170730_171406,8,859,0,0,0
1976,207,15,20170730_171406,8,893,0,0,0
1977,208,1,20170730_172407,36,69,0,0,0
1978,208,2,20170730_172407,36,225,0,1,1
1979,208,3,20170730_172407,36,280,0,1,1
1980,208,4,20170730_172407,36,331,0,1,1
1981,208,5,20170730_172407,36,377,0,1,1
1982,208,6,20170730_172407,36,441,0,1,1
1983,208,7,20170730_172407,36,519,0,1,1
1984,208,8,20170730_172407,36,673,0,1,0
1985,208,9,20170730_172407,36,692,0,1,1
1986,208,10,20170730_172407,36,875,0,1,1
1987,208,11,20170730_172407,36,902,0,1,1
1988,208,12,20170730_172407,36,966,0,1,1
1989,208,13,20170730_172407,36,985,0,1,1
1990,209,1,20170730_172407,77,186,0,0,0
1991,209,2,20170730_172407,77,255,0,1,1
1992,209,3,20170730_172407,77,314,0,1,1
1993,209,4,20170730_172407,77,357,0,0,0
1994,209,5,20170730_172407,77,414,0,1,1
1995,209,6,20170730_172407,77,447,0,1,1
1996,209,7,20170730_172407,77,519,0,1,1
1997,209,8,20170730_172407,77,565,0,1,1
1998,209,9,20170730_172407,77,611,0,1,1
1999,209,10,20170730_172407,77,702,0,1,1
2000,209,11,20170730_172407,77,770,0,1,1
2001,210,1,20170730_172907,88,45,0,1,1
2002,210,2,20170730_172907,88,58,0,1,1
2003,210,3,20170730_172907,88,109,0,0,0
2004,210,4,20170730_172907,88,121,0,1,1
2005,210,5,20170730_172907,88,144,0,0,0
2006,210,6,20170730_172907,88,173,0,0,0
2007,210,7,20170730_172907,88,215,0,0,0
2008,210,8,20170730_172907,88,234,0,1,1
2009,210,9,20170730_172907,88,259,0,1,1
2010,210,10,20170730_172907,88,315,0,0,0
2011,210,11,20170730_172907,88,336,0,0,0
2012,210,12,20170730_172907,88,373,0,0,0
2013,210,13,20170730_172907,88,391,0,0,0
2014,210,14,20170730_172907,88,404,0,0,0
2015,210,15,20170730_172907,88,502,0,0,0
2016,210,16,20170730_172907,88,526,0,1,1
2017,210,17,20170730_172907,88,702,0,1,1
2018,210,18,20170730_172907,88,714,0,0,0
2019,210,19,20170730_172907,88,786,0,1,1
2020,210,20,20170730_172907,88,787,0,1,1
2021,210,21,20170730_172907,88,811,0,1,1
2022,211,1,20180602_211730,120,97,0,1,1
2023,211,2,20180602_211730,120,210,1,1,1
2024,211,3,20180602_211730,120,246,0,1,1
2025,211,4,20180602_211730,120,246,1,1,1
2026,212,1,20180602_212730,102,125,1,1,1
2027,212,2,20180602_212730,102,286,1,1,1
2028,212,3,20180602_212730,102,392,0,1,1
2029,212,4,20180602_212730,102,634,1,1,1
2030,212,5,20180602_212730,102,852,1,1,1
2031,212,6,20180602_212730,102,882,0,0,0
2032,212,7,20180602_212730,102,968,0,0,0
2033,213,1,20180602_212730,103,113,1,1,1
2034,213,2,20180602_212730,103,220,0,0,0
2035,213,3,20180602_212730,103,346,1,1,1
2036,214,1,20180607_190213,69,480,0,1,1
2037,214,2,20180607_190213,69,527,0,1,1
2038,214,3,20180607_190213,69,574,0,1,1
2039,214,4,20180607_190213,69,692,0,1,1
2040,214,5,20180607_190213,69,702,0,1,1
2041,214,6,20180607_190213,69,928,0,1,1
2042,215,1,20180607_192214,128,40,0,0,0
2043,215,2,20180607_192214,128,72,0,0,0
2044,215,3,20180607_192214,128,106,0,0,0
2045,215,4,20180607_192214,128,164,0,1,1
2046,215,5,20180607_192214,128,196,0,1,1
2047,215,6,20180607_192214,128,321,0,0,0
2048,215,7,20180607_192214,128,331,0,0,0
2049,215,8,20180607_192214,128,341,0,0,0
2050,215,9,20180607_192214,128,618,0,0,0
2051,215,10,20180607_192214,128,644,0,0,0
2052,215,11,20180607_192214,128,659,0,0,0
2053,216,1,20180607_192214,140,37,0,0,0
2054,216,2,20180607_192214,140,105,0,0,0
2055,216,3,20180607_192214,140,434,0,0,0
2056,216,4,20180607_192214,140,448,0,0,0
2057,216,5,20180607_192214,140,448,0,0,0
2058,216,6,20180607_192214,140,552,0,1,1
2059,216,7,20180607_192214,140,582,0,0,0
2060,216,8,20180607_192214,140,668,0,0,0
2061,216,9,20180607_192214,140,785,0,0,0
2062,217,1,20180607_192214,26,4,0,0,0
2063,217,2,20180607_192214,26,36,1,1,1
2064,217,3,20180607_192214,26,219,0,0,0
2065,217,4,20180607_192214,26,323,0,0,0
2066,217,5,20180607_192214,26,336,0,0,0
2067,217,6,20180607_192214,26,355,0,0,0
2068,217,7,20180607_192214,26,609,0,0,0
2069,217,8,20180607_192214,26,761,0,1,1
2070,217,9,20180607_192214,26,775,0,0,0
2071,218,1,20180607_192214,60,42,0,0,0
2072,218,2,20180607_192214,60,53,0,0,0
2073,218,3,20180607_192214,60,104,0,1,1
2074,218,4,20180607_192214,60,238,0,1,1
2075,218,5,20180607_192214,60,545,0,0,0
2076,218,6,20180607_192214,60,555,1,1,1
2077,218,7,20180607_192214,60,555,0,1,1
2078,218,8,20180607_192214,60,593,0,1,1
2079,218,9,20180607_192214,60,593,1,1,1
2080,218,10,20180607_192214,60,626,0,1,1
2081,218,11,20180607_192214,60,664,0,0,0
2082,218,12,20180607_192214,60,673,0,0,0
2083,218,13,20180607_192214,60,717,0,1,1
2084,219,1,20180607_192714,16,244,0,0,0
2085,219,2,20180607_192714,16,264,0,0,0
2086,219,3,20180607_192714,16,372,1,1,1
2087,219,4,20180607_192714,16,371,0,1,1
2088,219,5,20180607_192714,16,707,0,1,1
2089,219,6,20180607_192714,16,733,0,0,0
2090,219,7,20180607_192714,16,787,0,0,0
2091,219,8,20180607_192714,16,792,0,0,0
2092,219,9,20180607_192714,16,870,0,0,0
2093,219,10,20180607_192714,16,963,0,0,0
2094,219,11,20180607_192714,16,977,0,1,1
2095,220,1,20180607_192714,70,431,0,1,1
2096,220,2,20180607_192714,70,445,0,1,1
2097,220,3,20180607_192714,70,445,1,1,1
2098,220,4,20180607_192714,70,467,0,1,1
2099,220,5,20180607_192714,70,554,0,1,0
2100,220,6,20180607_192714,70,612,0,1,1
2101,220,7,20180607_192714,70,636,0,1,1
2102,220,8,20180607_192714,70,676,0,0,0
2103,220,9,20180607_192714,70,723,0,0,0
2104,220,10,20180607_192714,70,761,0,0,0
2105,220,11,20180607_192714,70,821,0,1,1
2106,220,12,20180607_192714,70,837,0,1,1
2107,220,13,20180607_192714,70,859,0,1,1
2108,220,14,20180607_192714,70,881,0,0,0
2109,221,1,20180607_193215,131,58,0,0,0
2110,221,2,20180607_193215,131,678,1,1,1
2111,221,3,20180607_193215,131,678,0,1,1
2112,221,4,20180607_193215,131,705,0,1,1
2113,221,5,20180607_193215,131,705,1,1,1
2114,221,6,20180607_193215,131,723,0,1,1
2115,221,7,20180607_193215,131,723,1,1,1
2116,221,8,20180607_193215,131,757,0,1,0
2117,222,1,20180607_193215,77,10,0,1,1
2118,222,2,20180607_193215,77,23,0,1,1
2119,222,3,20180607_193215,77,63,0,0,0
2120,222,4,20180607_193215,77,221,0,0,0
2121,222,5,20180607_193215,77,404,0,0,0
2122,222,6,20180607_193215,77,894,0,1,1
2123,222,7,20180607_193215,77,911,1,1,1
2124,222,8,20180607_193215,77,911,0,1,1
2125,222,9,20180607_193215,77,950,0,1,1
2126,223,1,20180607_193215,81,13,0,0,0
2127,223,2,20180607_193215,81,24,0,1,1
2128,223,3,20180607_193215,81,24,1,1,1
2129,223,4,20180607_193215,81,72,0,0,1
2130,223,5,20180607_193215,81,137,0,0,0
2131,223,6,20180607_193215,81,271,0,0,0
2132,223,7,20180607_193215,81,353,0,1,1
2133,223,8,20180607_193215,81,390,0,1,1
2134,223,9,20180607_193215,81,390,1,1,1
2135,223,10,20180607_193215,81,486,0,0,0
2136,223,11,20180607_193215,81,506,0,1,1
2137,223,12,20180607_193215,81,645,0,0,0
2138,223,13,20180607_193215,81,822,0,1,1
2139,223,14,20180607_193215,81,987,1,1,1
2140,223,15,20180607_193215,81,987,0,1,1
2141,224,1,20180607_193715,111,20,0,0,0
2142,224,2,20180607_193715,111,37,0,1,1
2143,224,3,20180607_193715,111,72,1,1,1
2144,224,4,20180607_193715,111,72,0,1,1
2145,224,5,20180607_193715,111,146,0,1,1
2146,224,6,20180607_193715,111,381,0,1,1
2147,224,7,20180607_193715,111,423,0,1,1
2148,224,8,20180607_193715,111,837,0,0,0
2149,225,1,20180607_194215,125,111,0,1,1
2150,225,2,20180607_194215,125,132,0,1,1
2151,225,3,20180607_194215,125,152,0,1,1
2152,225,4,20180607_194215,125,180,0,1,1
2153,225,5,20180607_194215,125,188,0,1,1
2154,225,6,20180607_194215,125,225,0,0,0
2155,225,7,20180607_194215,125,275,0,1,1
2156,225,8,20180607_194215,125,315,0,1,1
2157,225,9,20180607_194215,125,357,0,0,0
2158,225,10,20180607_194215,125,378,0,1,1
2159,226,1,20180607_194215,134,11,0,1,1
2160,226,2,20180607_194215,134,54,0,1,1
2161,226,3,20180607_194215,134,289,0,1,0
2162,226,4,20180607_194215,134,324,0,1,1
2163,226,5,20180607_194215,134,357,0,1,1
2164,226,6,20180607_194215,134,376,0,1,1
2165,226,7,20180607_194215,134,733,0,0,1
2166,226,8,20180607_194215,134,736,0,0,0
2167,226,9,20180607_194215,134,778,0,0,0
2168,226,10,20180607_194215,134,866,0,0,0
2169,227,1,20180607_194215,43,576,1,1,1
2170,227,2,20180607_194215,43,598,0,1,1
2171,227,3,20180607_194215,43,606,0,1,1
2172,227,4,20180607_194215,43,606,1,1,1
2173,227,5,20180607_194215,43,654,0,1,1
2174,227,6,20180607_194215,43,774,0,0,0
2175,227,7,20180607_194215,43,816,0,0,0
2176,228,1,20180607_194215,59,386,1,1,1
2177,228,2,20180607_194215,59,477,0,0,0
2178,228,3,20180607_194215,59,554,0,0,0
2179,228,4,20180607_194215,59,582,1,1,1
2180,228,5,20180607_194215,59,624,0,1,1
2181,228,6,20180607_194215,59,642,0,0,0
2182,228,7,20180607_194215,59,662,0,1,1
2183,228,8,20180607_194215,59,780,0,0,0
2184,228,9,20180607_194215,59,797,0,0,0
2185,228,10,20180607_194215,59,848,0,0,0
2186,228,11,20180607_194215,59,967,0,1,1
2187,228,12,20180607_194215,59,991,1,1,1
2188,228,13,20180607_194215,59,990,0,1,1
2189,229,1,20180607_194215,68,61,0,0,0
2190,229,2,20180607_194215,68,186,0,0,0
2191,229,3,20180607_194215,68,291,0,0,0
2192,229,4,20180607_194215,68,370,0,1,1
2193,229,5,20180607_194215,68,403,0,0,0
2194,229,6,20180607_194215,68,416,0,0,0
2195,229,7,20180607_194215,68,460,0,0,0
2196,229,8,20180607_194215,68,496,0,1,1
2197,229,9,20180607_194215,68,549,0,1,1
2198,229,10,20180607_194215,68,549,1,1,1
2199,229,11,20180607_194215,68,930,0,0,0
2200,229,12,20180607_194215,68,981,0,1,1
2201,230,1,20180607_195716,91,13,0,1,1
2202,230,2,20180607_195716,91,25,0,0,0
2203,230,3,20180607_195716,91,93,0,0,0
2204,230,4,20180607_195716,91,236,0,1,1
2205,230,5,20180607_195716,91,251,0,0,0
2206,230,6,20180607_195716,91,257,0,1,1
2207,230,7,20180607_195716,91,365,0,1,1
2208,230,8,20180607_195716,91,403,0,1,1
2209,230,9,20180607_195716,91,460,0,0,0
2210,230,10,20180607_195716,91,527,0,0,0
2211,230,11,20180607_195716,91,928,0,0,0
2212,230,12,20180607_195716,91,940,0,1,1
2213,231,1,txt,ch2,65,0,1,1
2214,231,2,txt,ch2,80,0,1,1
2215,231,3,txt,ch2,137,0,1,1
2216,231,4,txt,ch2,194,0,1,1
2217,231,5,txt,ch2,215,0,1,1
2218,231,6,txt,ch2,280,0,1,1
2219,231,7,txt,ch2,353,0,1,1
2220,231,8,txt,ch2,378,0,1,1
2221,231,9,txt,ch2,520,0,1,1
2222,231,10,txt,ch2,533,0,1,1
2223,231,11,txt,ch2,596,0,1,1
2224,231,12,txt,ch2,627,0,1,1
2225,231,13,txt,ch2,637,0,1,1
2226,231,14,txt,ch2,656,0,1,1
2227,231,15,txt,ch2,748,0,1,1
2228,231,16,txt,ch2,781,0,1,1
2229,231,17,txt,ch2,840,0,1,1
2230,231,18,txt,ch2,873,0,1,1
2231,231,19,txt,ch2,921,0,1,1
2232,231,20,txt,ch2,939,0,1,1