image,event,date,second,milisecond,tweek,f_min<2kHz,confidence
1,1,20150902_230932,93,128,0,1,0.472
1,2,20150902_230932,93,128,1,1,0.386
1,3,20150902_230932,93,271,0,0,0.662
1,4,20150902_230932,93,350,0,1,0.603
1,5,20150902_230932,93,458,0,0,0.313
1,6,20150902_230932,93,690,0,0,0.656
1,7,20150902_230932,93,743,0,0,0.606
1,8,20150902_230932,93,752,0,1,0.354
1,9,20150902_230932,93,752,1,1,0.532
1,10,20150902_230932,93,775,0,1,0.46
1,11,20150902_230932,93,775,1,1,0.625
1,12,20150902_230932,93,797,0,0,0.623
1,13,20150902_230932,93,909,0,1,0.356
1,14,20150902_230932,93,909,1,1,0.497
1,15,20150902_230932,93,985,0,0,0.566
2,1,20150902_231433,109,156,0,1,0.309
2,2,20150902_231433,109,220,0,0,0.701
2,3,20150902_231433,109,387,0,0,0.597
2,4,20150902_231433,109,429,0,1,0.481
2,5,20150902_231433,109,503,0,1,0.672
2,6,20150902_231433,109,529,0,1,0.401
2,7,20150902_231433,109,529,1,1,0.506
2,8,20150902_231433,109,543,0,0,0.31
2,9,20150902_231433,109,543,1,0,0.57
2,10,20150902_231433,109,575,0,0,0.646
2,11,20150902_231433,109,595,0,0,0.511
2,12,20150902_231433,109,612,0,1,0.327
2,13,20150902_231433,109,619,0,0,0.515
2,14,20150902_231433,109,626,0,0,0.519
2,15,20150902_231433,109,841,0,0,0.483
2,16,20150902_231433,109,849,0,1,0.597
2,17,20150902_231433,109,871,0,0,0.58
2,18,20150902_231433,109,904,0,1,0.637
2,19,20150902_231433,109,965,0,1,0.535
3,1,20150902_231433,44,241,0,0,0.319
3,2,20150902_231433,44,283,0,0,0.404
3,3,20150902_231433,44,543,0,0,0.676
3,4,20150902_231433,44,672,0,0,0.7
3,5,20150902_231433,44,716,0,1,0.397
3,6,20150902_231433,44,716,1,1,0.611
3,7,20150902_231433,44,738,0,1,0.467
3,8,20150902_231433,44,747,0,1,0.327
3,9,20150902_231433,44,869,0,1,0.43
3,10,20150902_231433,44,969,0,0,0.577
4,1,20150902_231433,47,46,0,1,0.691
4,2,20150902_231433,47,189,0,0,0.618
4,3,20150902_231433,47,208,1,1,0.702
4,4,20150902_231433,47,274,1,1,0.481
4,5,20150902_231433,47,297,0,1,0.311
4,6,20150902_231433,47,297,1,1,0.517
4,7,20150902_231433,47,405,0,0,0.371
4,8,20150902_231433,47,412,0,0,0.631
4,9,20150902_231433,47,462,0,1,0.516
4,10,20150902_231433,47,462,1,1,0.442
4,11,20150902_231433,47,663,0,0,0.628
4,12,20150902_231433,47,745,0,0,0.627
5,1,20150902_231433,63,6,1,1,0.742
5,2,20150902_231433,63,57,0,1,0.388
5,3,20150902_231433,63,57,1,1,0.481
5,4,20150902_231433,63,89,1,1,0.578
5,5,20150902_231433,63,122,0,1,0.435
5,6,20150902_231433,63,129,0,0,0.536
5,7,20150902_231433,63,166,1,1,0.69
5,8,20150902_231433,63,291,1,1,0.76
5,9,20150902_231433,63,379,0,1,0.327
5,10,20150902_231433,63,379,1,1,0.55
5,11,20150902_231433,63,508,0,0,0.489
5,12,20150902_231433,63,508,1,1,0.501
5,13,20150902_231433,63,578,0,0,0.588
5,14,20150902_231433,63,621,0,1,0.465
5,15,20150902_231433,63,723,0,0,0.502
5,16,20150902_231433,63,797,0,1,0.345
5,17,20150902_231433,63,868,0,0,0.693
5,18,20150902_231433,63,882,0,0,0.596
5,19,20150902_231433,63,944,0,0,0.571
5,20,20150902_231433,63,970,0,0,0.328
5,21,20150902_231433,63,992,0,0,0.66
6,1,20150902_231433,78,216,0,1,0.636
6,2,20150902_231433,78,277,0,1,0.521
6,3,20150902_231433,78,464,0,1,0.631
6,4,20150902_231433,78,550,0,0,0.7
6,5,20150902_231433,78,612,0,1,0.617
6,6,20150902_231433,78,620,0,0,0.343
6,7,20150902_231433,78,645,0,0,0.534
6,8,20150902_231433,78,664,0,1,0.465
6,9,20150902_231433,78,692,0,1,0.422
6,10,20150902_231433,78,692,1,1,0.524
6,11,20150902_231433,78,767,1,1,0.615
6,12,20150902_231433,78,804,0,1,0.546
7,1,20150902_231433,90,25,0,1,0.678
7,2,20150902_231433,90,132,1,1,0.43
7,3,20150902_231433,90,132,0,1,0.438
7,4,20150902_231433,90,186,0,1,0.615
7,5,20150902_231433,90,268,0,1,0.694
7,6,20150902_231433,90,368,0,1,0.555
7,7,20150902_231433,90,368,1,1,0.366
7,8,20150902_231433,90,431,0,1,0.589
7,9,20150902_231433,90,493,0,1,0.624
7,10,20150902_231433,90,674,0,1,0.652
7,11,20150902_231433,90,857,0,0,0.545
8,1,20150902_231933,102,100,1,1,0.662
8,2,20150902_231933,102,129,1,1,0.634
8,3,20150902_231933,102,153,0,1,0.508
8,4,20150902_231933,102,190,1,1,0.643
8,5,20150902_231933,102,244,0,1,0.306
8,6,20150902_231933,102,246,1,1,0.57
8,7,20150902_231933,102,417,0,0,0.565
8,8,20150902_231933,102,786,0,1,0.657
8,9,20150902_231933,102,813,0,1,0.63
8,10,20150902_231933,102,864,0,1,0.687
8,11,20150902_231933,102,913,0,0,0.425
8,12,20150902_231933,102,966,0,1,0.663
9,1,20150902_231933,105,7,0,0,0.446
9,2,20150902_231933,105,182,0,0,0.676
9,3,20150902_231933,105,210,1,1,0.65
9,4,20150902_231933,105,210,0,1,0.313
9,5,20150902_231933,105,228,1,1,0.361
9,6,20150902_231933,105,228,0,1,0.319
9,7,20150902_231933,105,239,0,0,0.347
9,8,20150902_231933,105,273,0,1,0.6
9,9,20150902_231933,105,312,0,1,0.447
9,10,20150902_231933,105,312,1,1,0.392
9,11,20150902_231933,105,408,0,1,0.506
9,12,20150902_231933,105,417,0,1,0.451
9,13,20150902_231933,105,426,0,1,0.52
9,14,20150902_231933,105,475,0,0,0.451
9,15,20150902_231933,105,498,0,0,0.638
9,16,20150902_231933,105,516,0,0,0.539
9,17,20150902_231933,105,590,0,1,0.646
10,1,20150902_231933,5,38,0,1,0.319
10,2,20150902_231933,5,69,0,0,0.679
10,3,20150902_231933,5,241,0,1,0.377
10,4,20150902_231933,5,241,1,1,0.385
10,5,20150902_231933,5,452,0,1,0.436
10,6,20150902_231933,5,581,0,1,0.708
10,7,20150902_231933,5,652,0,1,0.664
10,8,20150902_231933,5,706,0,1,0.393
10,9,20150902_231933,5,706,1,1,0.52
10,10,20150902_231933,5,748,0,1,0.6
11,1,20150902_231933,61,176,0,1,0.372
11,2,20150902_231933,61,176,1,1,0.585
11,3,20150902_231933,61,194,1,1,0.479
11,4,20150902_231933,61,194,0,1,0.499
11,5,20150902_231933,61,212,1,1,0.468
11,6,20150902_231933,61,241,0,1,0.599
11,7,20150902_231933,61,259,0,1,0.527
11,8,20150902_231933,61,267,0,1,0.575
11,9,20150902_231933,61,281,0,1,0.554
11,10,20150902_231933,61,303,0,1,0.587
11,11,20150902_231933,61,327,0,1,0.67
11,12,20150902_231933,61,574,0,0,0.328
12,1,20150902_231933,80,23,0,1,0.677
12,2,20150902_231933,80,97,0,0,0.448
12,3,20150902_231933,80,143,0,0,0.645
12,4,20150902_231933,80,298,0,1,0.434
12,5,20150902_231933,80,298,1,1,0.515
12,6,20150902_231933,80,380,0,1,0.547
12,7,20150902_231933,80,477,0,1,0.47
12,8,20150902_231933,80,477,1,1,0.399
12,9,20150902_231933,80,495,0,1,0.307
12,10,20150902_231933,80,495,1,1,0.573
12,11,20150902_231933,80,621,0,0,0.307
12,12,20150902_231933,80,651,0,1,0.615
12,13,20150902_231933,80,712,0,0,0.408
12,14,20150902_231933,80,730,0,0,0.696
12,15,20150902_231933,80,779,0,1,0.515
12,16,20150902_231933,80,830,0,1,0.67
12,17,20150902_231933,80,854,0,1,0.566
12,18,20150902_231933,80,865,0,1,0.498
12,19,20150902_231933,80,875,0,1,0.492
13,1,20150902_232433,116,61,1,1,0.369
13,2,20150902_232433,116,61,0,1,0.38
13,3,20150902_232433,116,89,0,0,0.34
13,4,20150902_232433,116,257,0,0,0.526
13,5,20150902_232433,116,287,1,1,0.723
13,6,20150902_232433,116,405,0,0,0.346
13,7,20150902_232433,116,586,0,1,0.407
13,8,20150902_232433,116,670,1,1,0.576
13,9,20150902_232433,116,804,0,0,0.726
13,10,20150902_232433,116,818,0,0,0.68
13,11,20150902_232433,116,860,1,1,0.411
13,12,20150902_232433,116,860,0,1,0.521
13,13,20150902_232433,116,863,0,1,0.344
13,14,20150902_232433,116,897,0,0,0.64
13,15,20150902_232433,116,911,0,0,0.594
13,16,20150902_232433,116,975,1,1,0.616
14,1,20150902_232433,44,37,1,1,0.575
14,2,20150902_232433,44,56,0,1,0.515
14,3,20150902_232433,44,68,0,0,0.415
14,4,20150902_232433,44,89,0,1,0.518
14,5,20150902_232433,44,112,0,1,0.378
14,6,20150902_232433,44,112,0,0,0.536
14,7,20150902_232433,44,142,0,1,0.427
14,8,20150902_232433,44,166,0,0,0.351
14,9,20150902_232433,44,198,1,1,0.526
14,10,20150902_232433,44,220,0,1,0.48
14,11,20150902_232433,44,220,1,1,0.407
14,12,20150902_232433,44,287,0,0,0.489
14,13,20150902_232433,44,300,0,1,0.311
14,14,20150902_232433,44,337,0,1,0.635
14,15,20150902_232433,44,395,0,1,0.492
14,16,20150902_232433,44,445,0,0,0.497
15,1,20150902_232433,5,114,0,1,0.558
15,2,20150902_232433,5,330,0,1,0.491
15,3,20150902_232433,5,330,1,1,0.403
15,4,20150902_232433,5,359,0,1,0.392
15,5,20150902_232433,5,371,0,1,0.557
15,6,20150902_232433,5,397,1,1,0.686
15,7,20150902_232433,5,429,0,1,0.645
15,8,20150902_232433,5,462,0,0,0.329
15,9,20150902_232433,5,472,0,1,0.448
15,10,20150902_232433,5,472,1,1,0.471
15,11,20150902_232433,5,512,0,1,0.599
15,12,20150902_232433,5,560,0,1,0.638
15,13,20150902_232433,5,614,1,1,0.53
15,14,20150902_232433,5,654,0,1,0.41
15,15,20150902_232433,5,675,0,1,0.414
15,16,20150902_232433,5,709,0,1,0.609
15,17,20150902_232433,5,723,0,1,0.57
15,18,20150902_232433,5,795,0,1,0.632
15,19,20150902_232433,5,889,0,1,0.65
16,1,20150902_232433,52,5,0,0,0.483
16,2,20150902_232433,52,109,0,0,0.576
16,3,20150902_232433,52,215,0,0,0.591
16,4,20150902_232433,52,274,0,0,0.313
16,5,20150902_232433,52,284,0,0,0.581
16,6,20150902_232433,52,301,0,1,0.513
16,7,20150902_232433,52,301,1,1,0.362
16,8,20150902_232433,52,319,0,0,0.593
16,9,20150902_232433,52,438,0,1,0.582
16,10,20150902_232433,52,476,0,1,0.554
16,11,20150902_232433,52,477,1,1,0.393
16,12,20150902_232433,52,509,0,1,0.687
16,13,20150902_232433,52,589,1,1,0.486
16,14,20150902_232433,52,589,0,1,0.578
16,15,20150902_232433,52,607,0,0,0.54
16,16,20150902_232433,52,643,0,1,0.688
16,17,20150902_232433,52,741,0,1,0.371
16,18,20150902_232433,52,770,0,1,0.559
17,1,20150902_232933,26,97,0,0,0.703
17,2,20150902_232933,26,281,0,0,0.644
17,3,20150902_232933,26,303,0,0,0.344
17,4,20150902_232933,26,352,0,1,0.589
17,5,20150902_232933,26,362,0,1,0.316
17,6,20150902_232933,26,386,0,1,0.716
17,7,20150902_232933,26,432,0,1,0.39
17,8,20150902_232933,26,449,0,0,0.471
17,9,20150902_232933,26,487,0,1,0.562
17,10,20150902_232933,26,499,0,0,0.342
17,11,20150902_232933,26,524,0,1,0.601
17,12,20150902_232933,26,531,0,1,0.517
17,13,20150902_232933,26,576,0,1,0.651
17,14,20150902_232933,26,597,0,1,0.612
17,15,20150902_232933,26,675,0,0,0.591
17,16,20150902_232933,26,721,0,1,0.455
17,17,20150902_232933,26,745,0,0,0.477
17,18,20150902_232933,26,755,0,1,0.585
17,19,20150902_232933,26,876,0,0,0.704
17,20,20150902_232933,26,890,0,1,0.51
17,21,20150902_232933,26,890,1,1,0.512
17,22,20150902_232933,26,916,0,1,0.468
17,23,20150902_232933,26,935,0,1,0.603
17,24,20150902_232933,26,963,0,1,0.59
17,25,20150902_232933,26,993,0,1,0.418
18,1,20150902_232933,58,85,0,0,0.516
18,2,20150902_232933,58,305,0,0,0.653
18,3,20150902_232933,58,323,0,1,0.47
18,4,20150902_232933,58,568,1,1,0.594
18,5,20150902_232933,58,569,0,1,0.324
18,6,20150902_232933,58,593,0,1,0.527
18,7,20150902_232933,58,608,0,1,0.369
18,8,20150902_232933,58,608,1,1,0.557
18,9,20150902_232933,58,639,0,1,0.477
18,10,20150902_232933,58,655,0,0,0.316
18,11,20150902_232933,58,785,0,1,0.622
18,12,20150902_232933,58,856,0,1,0.504
18,13,20150902_232933,58,873,0,1,0.525
18,14,20150902_232933,58,911,0,0,0.492
18,15,20150902_232933,58,922,0,1,0.51
18,16,20150902_232933,58,948,0,1,0.467
18,17,20150902_232933,58,969,0,1,0.407
19,1,20150902_232933,68,5,0,1,0.375
19,2,20150902_232933,68,47,0,0,0.668
19,3,20150902_232933,68,120,0,1,0.635
19,4,20150902_232933,68,194,0,1,0.697
19,5,20150902_232933,68,235,0,1,0.419
19,6,20150902_232933,68,258,0,0,0.594
19,7,20150902_232933,68,289,0,0,0.574
19,8,20150902_232933,68,338,1,1,0.737
19,9,20150902_232933,68,426,0,0,0.521
19,10,20150902_232933,68,462,0,0,0.604
19,11,20150902_232933,68,495,0,0,0.591
19,12,20150902_232933,68,552,0,0,0.612
19,13,20150902_232933,68,575,0,0,0.631
19,14,20150902_232933,68,604,0,1,0.613
19,15,20150902_232933,68,739,0,1,0.506
19,16,20150902_232933,68,739,1,1,0.308
19,17,20150902_232933,68,877,0,0,0.475
19,18,20150902_232933,68,982,0,1,0.615
20,1,20150902_233434,24,424,0,1,0.544
20,2,20150902_233434,24,635,1,1,0.741
20,3,20150902_233434,24,733,0,1,0.585
20,4,20150902_233434,24,741,0,1,0.528
20,5,20150902_233434,24,774,0,1,0.628
20,6,20150902_233434,24,805,0,1,0.614
20,7,20150902_233434,24,837,0,1,0.506
20,8,20150902_233434,24,890,1,1,0.392
20,9,20150902_233434,24,891,0,1,0.477
21,1,20150902_233434,66,75,0,1,0.349
21,2,20150902_233434,66,75,1,1,0.481
21,3,20150902_233434,66,102,0,0,0.676
21,4,20150902_233434,66,118,1,1,0.552
21,5,20150902_233434,66,140,0,1,0.556
21,6,20150902_233434,66,151,1,1,0.403
21,7,20150902_233434,66,151,0,1,0.53
21,8,20150902_233434,66,162,0,1,0.366
21,9,20150902_233434,66,180,0,0,0.462
21,10,20150902_233434,66,191,0,0,0.416
21,11,20150902_233434,66,224,0,1,0.557
21,12,20150902_233434,66,249,0,0,0.496
21,13,20150902_233434,66,272,0,0,0.354
21,14,20150902_233434,66,287,0,1,0.654
21,15,20150902_233434,66,321,0,0,0.657
21,16,20150902_233434,66,338,0,1,0.559
21,17,20150902_233434,66,379,0,0,0.666
21,18,20150902_233434,66,516,0,0,0.615
21,19,20150902_233434,66,530,0,0,0.328
21,20,20150902_233434,66,738,0,0,0.51
21,21,20150902_233434,66,777,0,0,0.453
21,22,20150902_233434,66,830,0,0,0.533
22,1,20150902_233434,79,305,1,1,0.641
22,2,20150902_233434,79,342,0,1,0.512
22,3,20150902_233434,79,342,1,1,0.36
22,4,20150902_233434,79,382,0,1,0.324
22,5,20150902_233434,79,382,1,1,0.448
22,6,20150902_233434,79,680,1,1,0.453
22,7,20150902_233434,79,732,0,0,0.398
23,1,20150902_233934,140,192,0,1,0.551
23,2,20150902_233934,140,265,0,1,0.655
23,3,20150902_233934,140,355,1,1,0.605
23,4,20150902_233934,140,405,0,1,0.369
23,5,20150902_233934,140,523,0,1,0.534
23,6,20150902_233934,140,533,0,1,0.52
23,7,20150902_233934,140,605,1,1,0.65
23,8,20150902_233934,140,657,0,1,0.429
23,9,20150902_233934,140,701,0,1,0.422
23,10,20150902_233934,140,714,0,1,0.308
23,11,20150902_233934,140,716,0,1,0.404
23,12,20150902_233934,140,723,0,1,0.55
23,13,20150902_233934,140,746,0,1,0.328
23,14,20150902_233934,140,780,0,1,0.399
23,15,20150902_233934,140,820,0,1,0.437
23,16,20150902_233934,140,860,0,0,0.648
23,17,20150902_233934,140,871,0,1,0.432
23,18,20150902_233934,140,904,0,0,0.516
23,19,20150902_233934,140,923,0,0,0.4
23,20,20150902_233934,140,969,0,0,0.505
24,1,20150902_234434,8,3,0,1,0.446
24,2,20150902_234434,8,17,0,1,0.435
24,3,20150902_234434,8,31,0,1,0.414
24,4,20150902_234434,8,42,0,1,0.488
24,5,20150902_234434,8,80,0,1,0.655
24,6,20150902_234434,8,90,0,1,0.447
24,7,20150902_234434,8,206,0,0,0.464
24,8,20150902_234434,8,282,0,1,0.584
24,9,20150902_234434,8,318,1,1,0.682
24,10,20150902_234434,8,353,0,0,0.572
24,11,20150902_234434,8,404,0,0,0.369
24,12,20150902_234434,8,502,0,1,0.615
24,13,20150902_234434,8,597,0,0,0.35
24,14,20150902_234434,8,687,0,1,0.539
24,15,20150902_234434,8,934,0,1,0.461
25,1,20150902_234934,8,27,0,1,0.47
25,2,20150902_234934,8,27,1,1,0.369
25,3,20150902_234934,8,127,0,1,0.608
25,4,20150902_234934,8,265,0,1,0.653
25,5,20150902_234934,8,348,0,1,0.312
25,6,20150902_234934,8,365,0,1,0.407
25,7,20150902_234934,8,365,1,1,0.341
25,8,20150902_234934,8,485,0,1,0.457
25,9,20150902_234934,8,562,0,1,0.469
25,10,20150902_234934,8,581,0,1,0.509
25,11,20150902_234934,8,856,0,1,0.389
25,12,20150902_234934,8,856,1,1,0.643
25,13,20150902_234934,8,881,0,1,0.605
25,14,20150902_234934,8,936,0,1,0.42
25,15,20150902_234934,8,936,1,1,0.603
25,16,20150902_234934,8,962,0,1,0.605
26,1,20150907_142436,43,59,0,0,0.64
26,2,20150907_142436,43,120,0,0,0.566
26,3,20150907_142436,43,265,0,0,0.664
26,4,20150907_142436,43,355,0,0,0.654
26,5,20150907_142436,43,946,0,0,0.464
27,1,20150907_142436,54,137,0,0,0.734
27,2,20150907_142436,54,162,0,0,0.636
27,3,20150907_142436,54,190,0,0,0.369
27,4,20150907_142436,54,208,0,0,0.613
27,5,20150907_142436,54,298,0,0,0.499
27,6,20150907_142436,54,346,0,0,0.647
27,7,20150907_142436,54,393,0,0,0.646
27,8,20150907_142436,54,400,0,0,0.698
27,9,20150907_142436,54,433,0,0,0.365
27,10,20150907_142436,54,966,0,0,0.515
28,1,20150907_142436,57,297,0,0,0.522
28,2,20150907_142436,57,305,0,0,0.46
28,3,20150907_142436,57,360,0,0,0.634
28,4,20150907_142436,57,582,0,0,0.718
28,5,20150907_142436,57,649,0,0,0.675
29,1,20150907_142936,135,6,0,0,0.308
29,2,20150907_142936,135,68,0,0,0.669
29,3,20150907_142936,135,89,0,0,0.354
29,4,20150907_142936,135,132,0,0,0.683
29,5,20150907_142936,135,142,0,0,0.341
29,6,20150907_142936,135,142,0,0,0.4
29,7,20150907_142936,135,153,0,0,0.568
29,8,20150907_142936,135,164,0,0,0.535
29,9,20150907_142936,135,182,0,0,0.708
29,10,20150907_142936,135,331,0,0,0.714
29,11,20150907_142936,135,403,0,0,0.438
29,12,20150907_142936,135,482,0,0,0.529
29,13,20150907_142936,135,678,0,0,0.63
30,1,20150907_142936,61,10,0,0,0.475
30,2,20150907_142936,61,85,0,0,0.485
30,3,20150907_142936,61,122,0,0,0.568
30,4,20150907_142936,61,230,0,0,0.4
30,5,20150907_142936,61,716,0,1,0.672
30,6,20150907_142936,61,749,0,0,0.697
30,7,20150907_142936,61,828,0,0,0.689
30,8,20150907_142936,61,878,0,0,0.59
31,1,20150907_144437,132,69,0,0,0.562
31,2,20150907_144437,132,300,0,0,0.658
31,3,20150907_144437,132,319,0,0,0.706
31,4,20150907_144437,132,346,0,0,0.705
31,5,20150907_144437,132,360,0,0,0.49
31,6,20150907_144437,132,420,0,0,0.614
31,7,20150907_144437,132,441,0,0,0.349
31,8,20150907_144437,132,451,0,0,0.31
31,9,20150907_144437,132,530,0,0,0.627
31,10,20150907_144437,132,556,0,0,0.455
31,11,20150907_144437,132,582,0,0,0.602
31,12,20150907_144437,132,642,0,0,0.413
31,13,20150907_144437,132,664,0,0,0.583
31,14,20150907_144437,132,717,0,0,0.688
31,15,20150907_144437,132,755,0,0,0.647
32,1,20150907_144437,68,155,0,0,0.628
32,2,20150907_144437,68,379,0,0,0.7
32,3,20150907_144437,68,391,0,0,0.633
32,4,20150907_144437,68,398,0,0,0.544
32,5,20150907_144437,68,409,0,0,0.549
32,6,20150907_144437,68,467,0,0,0.713
32,7,20150907_144437,68,482,0,0,0.404
32,8,20150907_144437,68,758,0,0,0.381
32,9,20150907_144437,68,966,0,0,0.516
32,10,20150907_144437,68,981,0,0,0.363
32,11,20150907_144437,68,991,0,0,0.58
33,1,20150907_144937,58,24,0,0,0.712
33,2,20150907_144937,58,61,0,0,0.709
33,3,20150907_144937,58,210,0,0,0.61
33,4,20150907_144937,58,279,0,0,0.711
33,5,20150907_144937,58,291,0,0,0.473
33,6,20150907_144937,58,305,0,0,0.661
33,7,20150907_144937,58,356,0,0,0.727
33,8,20150907_144937,58,380,0,0,0.529
33,9,20150907_144937,58,394,0,0,0.562
33,10,20150907_144937,58,438,0,0,0.303
33,11,20150907_144937,58,493,0,0,0.521
33,12,20150907_144937,58,554,0,0,0.392
33,13,20150907_144937,58,601,0,0,0.492
33,14,20150907_144937,58,760,0,0,0.687
33,15,20150907_144937,58,811,0,0,0.535
33,16,20150907_144937,58,857,0,0,0.545
33,17,20150907_144937,58,898,0,0,0.685
33,18,20150907_144937,58,913,0,0,0.335
34,1,20150907_145437,1,49,0,0,0.561
34,2,20150907_145437,1,88,0,0,0.672
34,3,20150907_145437,1,111,0,0,0.533
34,4,20150907_145437,1,170,0,0,0.567
34,5,20150907_145437,1,186,0,0,0.44
34,6,20150907_145437,1,243,0,0,0.626
34,7,20150907_145437,1,291,0,0,0.565
34,8,20150907_145437,1,314,0,0,0.662
34,9,20150907_145437,1,327,0,0,0.67
34,10,20150907_145437,1,341,0,0,0.688
34,11,20150907_145437,1,356,0,0,0.614
34,12,20150907_145437,1,459,0,0,0.346
34,13,20150907_145437,1,564,0,0,0.639
34,14,20150907_145437,1,577,0,0,0.413
34,15,20150907_145437,1,676,0,0,0.661
34,16,20150907_145437,1,707,0,0,0.663
34,17,20150907_145437,1,760,0,0,0.354
34,18,20150907_145437,1,787,0,0,0.728
35,1,20150907_145437,104,135,0,0,0.373
35,2,20150907_145437,104,355,0,0,0.711
35,3,20150907_145437,104,612,0,0,0.708
35,4,20150907_145437,104,659,0,0,0.723
35,5,20150907_145437,104,695,0,0,0.335
35,6,20150907_145437,104,709,0,0,0.579
35,7,20150907_145437,104,771,0,0,0.458
35,8,20150907_145437,104,811,0,0,0.418
35,9,20150907_145437,104,830,0,0,0.586
35,10,20150907_145437,104,844,0,0,0.554
36,1,20150907_145437,86,8,0,0,0.642
36,2,20150907_145437,86,20,0,0,0.656
36,3,20150907_145437,86,127,0,0,0.753
36,4,20150907_145437,86,144,0,0,0.675
36,5,20150907_145437,86,164,0,0,0.718
36,6,20150907_145437,86,188,0,0,0.699
36,7,20150907_145437,86,272,0,0,0.692
36,8,20150907_145437,86,460,0,0,0.675
36,9,20150907_145437,86,900,0,0,0.609
36,10,20150907_145437,86,953,0,0,0.365
36,11,20150907_145437,86,960,0,0,0.424
37,1,20150907_145938,119,70,0,0,0.703
37,2,20150907_145938,119,244,0,0,0.507
37,3,20150907_145938,119,255,0,0,0.492
37,4,20150907_145938,119,300,0,1,0.709
37,5,20150907_145938,119,436,0,0,0.328
37,6,20150907_145938,119,457,0,0,0.348
37,7,20150907_145938,119,506,0,0,0.585
37,8,20150907_145938,119,704,0,0,0.519
37,9,20150907_145938,119,758,0,0,0.323
37,10,20150907_145938,119,774,0,0,0.728
37,11,20150907_145938,119,793,0,0,0.69
37,12,20150907_145938,119,830,0,0,0.588
37,13,20150907_145938,119,874,0,0,0.415
38,1,20150907_145938,46,93,0,0,0.631
38,2,20150907_145938,46,188,0,0,0.547
38,3,20150907_145938,46,210,0,0,0.706
38,4,20150907_145938,46,258,0,0,0.55
38,5,20150907_145938,46,272,0,0,0.651
38,6,20150907_145938,46,297,0,0,0.546
38,7,20150907_145938,46,308,0,0,0.681
38,8,20150907_145938,46,358,0,0,0.629
38,9,20150907_145938,46,436,0,0,0.409
38,10,20150907_145938,46,476,0,0,0.727
38,11,20150907_145938,46,512,0,0,0.588
38,12,20150907_145938,46,694,0,0,0.65
38,13,20150907_145938,46,719,0,0,0.666
38,14,20150907_145938,46,749,0,0,0.365
39,1,20150907_145938,82,72,0,0,0.536
39,2,20150907_145938,82,275,0,0,0.366
39,3,20150907_145938,82,294,0,0,0.684
39,4,20150907_145938,82,360,0,0,0.63
39,5,20150907_145938,82,383,0,1,0.727
39,6,20150907_145938,82,472,0,0,0.66
39,7,20150907_145938,82,484,0,0,0.571
39,8,20150907_145938,82,638,0,0,0.736
39,9,20150907_145938,82,747,0,0,0.495
39,10,20150907_145938,82,966,0,0,0.675
40,1,20150907_150438,61,31,0,0,0.722
40,2,20150907_150438,61,44,0,0,0.41
40,3,20150907_150438,61,50,0,0,0.621
40,4,20150907_150438,61,80,0,0,0.586
40,5,20150907_150438,61,153,0,0,0.736
40,6,20150907_150438,61,173,0,0,0.7
40,7,20150907_150438,61,531,0,0,0.513
40,8,20150907_150438,61,590,0,0,0.405
40,9,20150907_150438,61,634,0,0,0.333
40,10,20150907_150438,61,728,0,0,0.509
40,11,20150907_150438,61,874,0,0,0.419
41,1,20150907_150938,140,64,0,0,0.694
41,2,20150907_150938,140,145,0,0,0.713
41,3,20150907_150938,140,185,0,0,0.652
41,4,20150907_150938,140,205,0,0,0.513
41,5,20150907_150938,140,231,0,0,0.335
41,6,20150907_150938,140,242,0,0,0.66
41,7,20150907_150938,140,261,0,0,0.709
41,8,20150907_150938,140,288,0,0,0.31
41,9,20150907_150938,140,299,0,0,0.651
41,10,20150907_150938,140,355,0,0,0.551
41,11,20150907_150938,140,378,0,0,0.616
41,12,20150907_150938,140,463,0,0,0.413
41,13,20150907_150938,140,554,0,0,0.546
41,14,20150907_150938,140,675,0,0,0.613
41,15,20150907_150938,140,723,0,0,0.698
41,16,20150907_150938,140,771,0,0,0.402
41,17,20150907_150938,140,814,0,0,0.565
42,1,20150914_125211,12,257,0,1,0.523
42,2,20150914_125211,12,258,0,1,0.528
42,3,20150914_125211,12,271,0,1,0.545
42,4,20150914_125211,12,290,0,1,0.722
42,5,20150914_125211,12,330,0,0,0.502
42,6,20150914_125211,12,342,0,0,0.674
42,7,20150914_125211,12,955,0,0,0.445
43,1,20150914_130211,23,238,0,0,0.478
43,2,20150914_130211,23,299,0,0,0.427
43,3,20150914_130211,23,331,0,0,0.586
43,4,20150914_130211,23,388,0,1,0.74
43,5,20150914_130211,23,402,0,1,0.684
43,6,20150914_130211,23,414,0,0,0.647
43,7,20150914_130211,23,464,0,0,0.302
43,8,20150914_130211,23,498,0,0,0.505
43,9,20150914_130211,23,584,0,0,0.652
43,10,20150914_130211,23,631,0,0,0.483
43,11,20150914_130211,23,639,0,0,0.649
43,12,20150914_130211,23,663,0,0,0.395
43,13,20150914_130211,23,708,0,0,0.608
43,14,20150914_130211,23,742,0,0,0.591
43,15,20150914_130211,23,777,0,0,0.486
43,16,20150914_130211,23,821,0,0,0.353
43,17,20150914_130211,23,871,0,0,0.472
43,18,20150914_130211,23,945,0,0,0.575
44,1,20150914_130211,31,23,0,0,0.615
44,2,20150914_130211,31,84,0,0,0.732
44,3,20150914_130211,31,168,0,0,0.525
44,4,20150914_130211,31,289,0,0,0.487
44,5,20150914_130211,31,400,0,0,0.705
44,6,20150914_130211,31,469,0,0,0.583
44,7,20150914_130211,31,637,0,0,0.695
44,8,20150914_130211,31,846,0,0,0.33
44,9,20150914_130211,31,886,0,0,0.721
44,10,20150914_130211,31,925,0,1,0.703
44,11,20150914_130211,31,952,0,0,0.67
45,1,20150914_130211,4,110,0,0,0.682
45,2,20150914_130211,4,154,0,0,0.496
45,3,20150914_130211,4,162,0,1,0.509
45,4,20150914_130211,4,162,0,1,0.478
45,5,20150914_130211,4,170,0,1,0.568
45,6,20150914_130211,4,184,0,0,0.589
45,7,20150914_130211,4,196,0,0,0.58
45,8,20150914_130211,4,275,0,0,0.646
45,9,20150914_130211,4,300,0,0,0.426
45,10,20150914_130211,4,308,0,0,0.354
45,11,20150914_130211,4,333,0,0,0.584
45,12,20150914_130211,4,354,0,0,0.59
45,13,20150914_130211,4,456,0,0,0.384
45,14,20150914_130211,4,633,0,0,0.385
45,15,20150914_130211,4,645,0,0,0.552
45,16,20150914_130211,4,873,0,0,0.623
45,17,20150914_130211,4,917,0,0,0.64
46,1,20150914_130211,44,101,0,1,0.682
46,2,20150914_130211,44,112,0,1,0.645
46,3,20150914_130211,44,128,0,1,0.697
46,4,20150914_130211,44,151,0,0,0.648
46,5,20150914_130211,44,220,0,0,0.704
46,6,20150914_130211,44,253,0,1,0.696
46,7,20150914_130211,44,426,0,1,0.713
46,8,20150914_130211,44,450,0,0,0.625
46,9,20150914_130211,44,469,0,1,0.697
46,10,20150914_130211,44,486,0,1,0.63
46,11,20150914_130211,44,525,0,1,0.612
46,12,20150914_130211,44,533,0,0,0.397
46,13,20150914_130211,44,560,0,0,0.412
47,1,20150914_131712,89,23,0,1,0.673
47,2,20150914_131712,89,24,0,0,0.384
47,3,20150914_131712,89,34,0,0,0.369
47,4,20150914_131712,89,182,0,0,0.578
47,5,20150914_131712,89,388,0,1,0.719
47,6,20150914_131712,89,425,0,1,0.691
47,7,20150914_131712,89,452,0,0,0.307
47,8,20150914_131712,89,460,0,0,0.523
47,9,20150914_131712,89,658,0,0,0.326
47,10,20150914_131712,89,748,0,0,0.326
47,11,20150914_131712,89,787,0,0,0.718
47,12,20150914_131712,89,818,0,0,0.537
47,13,20150914_131712,89,865,0,0,0.708
47,14,20150914_131712,89,937,0,0,0.57
48,1,20150914_132212,133,87,0,0,0.554
48,2,20150914_132212,133,164,0,1,0.694
48,3,20150914_132212,133,303,0,1,0.701
48,4,20150914_132212,133,353,0,1,0.697
48,5,20150914_132212,133,405,0,0,0.633
48,6,20150914_132212,133,603,0,0,0.51
48,7,20150914_132212,133,863,0,0,0.318
48,8,20150914_132212,133,995,0,0,0.693
49,1,20150914_132212,38,34,0,0,0.306
49,2,20150914_132212,38,332,0,0,0.327
49,3,20150914_132212,38,405,0,0,0.624
49,4,20150914_132212,38,456,0,0,0.72
49,5,20150914_132212,38,502,0,0,0.615
49,6,20150914_132212,38,522,0,0,0.642
49,7,20150914_132212,38,536,0,0,0.366
49,8,20150914_132212,38,605,0,0,0.66
49,9,20150914_132212,38,659,0,0,0.705
49,10,20150914_132212,38,677,0,0,0.311
49,11,20150914_132212,38,745,0,0,0.677
49,12,20150914_132212,38,830,0,0,0.528
49,13,20150914_132212,38,982,0,0,0.687
49,14,20150914_132212,38,984,0,0,0.476
49,15,20150914_132212,38,992,0,0,0.412
50,1,20150914_132212,72,101,0,0,0.411
50,2,20150914_132212,72,319,0,0,0.515
50,3,20150914_132212,72,349,0,0,0.682
50,4,20150914_132212,72,415,0,0,0.725
50,5,20150914_132212,72,479,0,0,0.47
50,6,20150914_132212,72,505,0,0,0.602
50,7,20150914_132212,72,533,0,0,0.624
50,8,20150914_132212,72,571,0,0,0.53
50,9,20150914_132212,72,615,0,0,0.347
50,10,20150914_132212,72,779,0,0,0.389
50,11,20150914_132212,72,809,0,0,0.667
50,12,20150914_132212,72,862,0,0,0.374
50,13,20150914_132212,72,892,0,0,0.4
50,14,20150914_132212,72,975,0,0,0.486
50,15,20150914_132212,72,983,0,0,0.49
51,1,20150914_132712,8,48,0,0,0.652
51,2,20150914_132712,8,91,0,0,0.698
51,3,20150914_132712,8,97,0,0,0.32
51,4,20150914_132712,8,105,0,1,0.62
51,5,20150914_132712,8,136,0,0,0.72
51,6,20150914_132712,8,381,0,0,0.587
51,7,20150914_132712,8,464,0,0,0.375
51,8,20150914_132712,8,552,0,0,0.688
51,9,20150914_132712,8,697,0,0,0.613
51,10,20150914_132712,8,702,0,0,0.369
51,11,20150914_132712,8,707,0,0,0.361
51,12,20150914_132712,8,804,0,0,0.676
51,13,20150914_132712,8,866,0,0,0.302
51,14,20150914_132712,8,884,0,0,0.686
51,15,20150914_132712,8,935,0,0,0.689
52,1,20150914_132712,87,62,0,0,0.304
52,2,20150914_132712,87,62,0,0,0.418
52,3,20150914_132712,87,160,0,0,0.313
52,4,20150914_132712,87,210,0,0,0.498
52,5,20150914_132712,87,279,0,0,0.561
52,6,20150914_132712,87,346,0,0,0.47
52,7,20150914_132712,87,543,0,0,0.471
52,8,20150914_132712,87,588,0,0,0.377
52,9,20150914_132712,87,650,0,0,0.478
52,10,20150914_132712,87,656,0,0,0.576
52,11,20150914_132712,87,685,0,0,0.327
52,12,20150914_132712,87,692,0,0,0.488
52,13,20150914_132712,87,701,0,0,0.604
52,14,20150914_132712,87,733,0,1,0.697
52,15,20150914_132712,87,899,0,0,0.688
53,1,20150914_133213,29,25,0,0,0.55
53,2,20150914_133213,29,201,0,0,0.713
53,3,20150914_133213,29,215,0,0,0.649
53,4,20150914_133213,29,231,0,0,0.645
53,5,20150914_133213,29,344,0,0,0.389
53,6,20150914_133213,29,376,0,0,0.586
53,7,20150914_133213,29,419,0,0,0.656
53,8,20150914_133213,29,470,0,0,0.707
53,9,20150914_133213,29,671,0,0,0.666
53,10,20150914_133213,29,693,0,0,0.688
53,11,20150914_133213,29,731,0,0,0.611
53,12,20150914_133213,29,823,0,0,0.425
53,13,20150914_133213,29,924,0,0,0.362
54,1,20150915_184833,117,39,0,0,0.319
54,2,20150915_184833,117,179,0,0,0.55
54,3,20150915_184833,117,365,0,0,0.377
54,4,20150915_184833,117,404,0,0,0.679
54,5,20150915_184833,117,469,0,1,0.714
54,6,20150915_184833,117,514,0,1,0.561
54,7,20150915_184833,117,514,1,1,0.33
54,8,20150915_184833,117,562,0,1,0.625
54,9,20150915_184833,117,627,0,1,0.659
54,10,20150915_184833,117,669,0,0,0.593
54,11,20150915_184833,117,692,0,1,0.49
54,12,20150915_184833,117,692,0,1,0.327
54,13,20150915_184833,117,704,0,1,0.516
54,14,20150915_184833,117,800,0,0,0.647
54,15,20150915_184833,117,871,0,0,0.38
55,1,20150915_184833,98,5,0,0,0.692
55,2,20150915_184833,98,23,0,0,0.463
55,3,20150915_184833,98,127,0,0,0.714
55,4,20150915_184833,98,151,0,0,0.693
55,5,20150915_184833,98,257,0,0,0.618
55,6,20150915_184833,98,390,0,0,0.655
55,7,20150915_184833,98,438,0,0,0.704
55,8,20150915_184833,98,484,0,0,0.375
55,9,20150915_184833,98,545,0,0,0.654
55,10,20150915_184833,98,634,0,0,0.599
55,11,20150915_184833,98,697,0,0,0.688
55,12,20150915_184833,98,733,0,0,0.492
55,13,20150915_184833,98,770,0,0,0.613
56,1,20150915_185833,67,232,0,0,0.309
56,2,20150915_185833,67,337,0,0,0.342
56,3,20150915_185833,67,533,0,0,0.336
56,4,20150915_185833,67,819,1,1,0.682
56,5,20150915_185833,67,844,0,1,0.392
56,6,20150915_185833,67,844,1,1,0.397
56,7,20150915_185833,67,885,1,1,0.697
56,8,20150915_185833,67,909,0,1,0.399
56,9,20150915_185833,67,909,1,1,0.416
57,1,20150915_190834,140,426,0,0,0.718
57,2,20150915_190834,140,479,0,0,0.725
57,3,20150915_190834,140,517,0,0,0.711
57,4,20150915_190834,140,559,0,0,0.704
57,5,20150915_190834,140,583,0,0,0.619
57,6,20150915_190834,140,662,0,0,0.611
57,7,20150915_190834,140,788,0,0,0.705
57,8,20150915_190834,140,849,0,0,0.373
57,9,20150915_190834,140,863,0,0,0.336
58,1,20150915_192835,90,228,0,0,0.621
58,2,20150915_192835,90,272,0,0,0.677
58,3,20150915_192835,90,336,0,0,0.677
58,4,20150915_192835,90,409,0,0,0.639
58,5,20150915_192835,90,463,0,0,0.607
58,6,20150915_192835,90,515,0,0,0.682
58,7,20150915_192835,90,586,0,1,0.727
58,8,20150915_192835,90,629,0,1,0.599
58,9,20150915_192835,90,645,0,0,0.595
58,10,20150915_192835,90,742,0,0,0.62
58,11,20150915_192835,90,901,1,1,0.637
59,1,20150915_193335,134,61,0,0,0.427
59,2,20150915_193335,134,90,0,0,0.704
59,3,20150915_193335,134,170,0,0,0.611
59,4,20150915_193335,134,178,0,0,0.633
59,5,20150915_193335,134,341,1,1,0.633
59,6,20150915_193335,134,360,0,1,0.458
59,7,20150915_193335,134,360,1,1,0.317
59,8,20150915_193335,134,386,0,1,0.471
59,9,20150915_193335,134,386,1,1,0.308
59,10,20150915_193335,134,442,0,1,0.359
59,11,20150915_193335,134,442,1,1,0.505
60,1,20150921_184010,111,104,0,1,0.622
60,2,20150921_184010,111,122,0,1,0.543
60,3,20150921_184010,111,156,0,0,0.632
60,4,20150921_184010,111,431,0,0,0.617
60,5,20150921_184010,111,521,0,0,0.591
60,6,20150921_184010,111,592,1,1,0.66
60,7,20150921_184010,111,618,1,1,0.603
60,8,20150921_184010,111,638,1,1,0.667
60,9,20150921_184010,111,681,0,1,0.392
60,10,20150921_184010,111,681,1,1,0.407
60,11,20150921_184010,111,697,1,1,0.624
60,12,20150921_184010,111,951,0,0,0.541
60,13,20150921_184010,111,985,0,0,0.558
61,1,20150921_185511,121,309,0,0,0.693
61,2,20150921_185511,121,334,0,1,0.581
61,3,20150921_185511,121,403,0,0,0.698
61,4,20150921_185511,121,403,0,0,0.336
61,5,20150921_185511,121,536,0,0,0.476
61,6,20150921_185511,121,546,0,0,0.677
61,7,20150921_185511,121,623,0,0,0.354
61,8,20150921_185511,121,645,0,0,0.657
61,9,20150921_185511,121,662,0,0,0.495
61,10,20150921_185511,121,681,0,0,0.48
61,11,20150921_185511,121,726,0,0,0.366
61,12,20150921_185511,121,790,0,0,0.657
61,13,20150921_185511,121,942,0,0,0.374
61,14,20150921_185511,121,942,1,1,0.506
62,1,20150921_191011,75,134,0,0,0.608
62,2,20150921_191011,75,201,0,0,0.72
62,3,20150921_191011,75,213,0,0,0.435
62,4,20150921_191011,75,220,0,0,0.614
62,5,20150921_191011,75,273,1,1,0.699
62,6,20150921_191011,75,306,1,1,0.652
62,7,20150921_191011,75,337,0,1,0.339
62,8,20150921_191011,75,351,0,1,0.397
62,9,20150921_191011,75,369,0,1,0.41
62,10,20150921_191011,75,574,0,0,0.578
62,11,20150921_191011,75,910,0,1,0.551
62,12,20150921_191011,75,910,1,1,0.339
62,13,20150921_191011,75,964,0,0,0.72
63,1,20150921_192012,21,96,0,0,0.307
63,2,20150921_192012,21,127,0,0,0.496
63,3,20150921_192012,21,187,0,0,0.562
63,4,20150921_192012,21,293,0,0,0.545
63,5,20150921_192012,21,497,1,1,0.634
63,6,20150921_192012,21,583,0,0,0.575
63,7,20150921_192012,21,619,0,1,0.677
63,8,20150921_192012,21,643,1,1,0.668
63,9,20150921_192012,21,682,1,1,0.622
63,10,20150921_192012,21,701,0,1,0.457
63,11,20150921_192012,21,736,0,0,0.511
63,12,20150921_192012,21,783,0,0,0.499
63,13,20150921_192012,21,907,0,0,0.703
63,14,20150921_192012,21,945,0,0,0.718
63,15,20150921_192012,21,958,0,1,0.623
64,1,20150927_133132,134,691,0,1,0.673
64,2,20150927_133132,134,709,0,0,0.482
64,3,20150927_133132,134,714,0,1,0.585
64,4,20150927_133132,134,745,0,1,0.682
64,5,20150927_133132,134,768,0,0,0.688
64,6,20150927_133132,134,802,0,0,0.703
65,1,20150927_134133,103,134,0,1,0.678
65,2,20150927_134133,103,155,0,1,0.58
65,3,20150927_134133,103,155,0,0,0.356
65,4,20150927_134133,103,167,0,1,0.686
65,5,20150927_134133,103,491,0,0,0.472
66,1,20150927_134133,110,350,0,1,0.698
66,2,20150927_134133,110,369,0,1,0.644
66,3,20150927_134133,110,416,0,0,0.44
66,4,20150927_134133,110,450,0,1,0.693
66,5,20150927_134133,110,569,0,1,0.646
66,6,20150927_134133,110,581,0,1,0.636
66,7,20150927_134133,110,592,0,1,0.619
66,8,20150927_134133,110,610,0,1,0.666
66,9,20150927_134133,110,633,0,1,0.685
66,10,20150927_134133,110,666,0,1,0.719
66,11,20150927_134133,110,688,0,1,0.603
67,1,20150927_134133,143,175,0,1,0.71
67,2,20150927_134133,143,189,0,1,0.678
67,3,20150927_134133,143,218,0,1,0.721
67,4,20150927_134133,143,330,0,0,0.431
67,5,20150927_134133,143,348,0,1,0.701
67,6,20150927_134133,143,395,0,0,0.684
67,7,20150927_134133,143,410,0,0,0.602
68,1,20150927_134133,43,586,0,0,0.633
68,2,20150927_134133,43,719,0,1,0.686
68,3,20150927_134133,43,731,0,0,0.666
68,4,20150927_134133,43,745,0,0,0.31
68,5,20150927_134133,43,757,0,1,0.631
68,6,20150927_134133,43,757,0,1,0.313
68,7,20150927_134133,43,770,0,0,0.579
68,8,20150927_134133,43,794,0,0,0.664
68,9,20150927_134133,43,819,0,1,0.614
68,10,20150927_134133,43,819,0,1,0.392
68,11,20150927_134133,43,829,0,0,0.474
69,1,20150927_134133,87,201,0,0,0.639
69,2,20150927_134133,87,250,0,0,0.707
69,3,20150927_134133,87,283,0,1,0.685
69,4,20150927_134133,87,332,0,1,0.705
69,5,20150927_134133,87,391,0,0,0.682
69,6,20150927_134133,87,490,0,0,0.701
69,7,20150927_134133,87,560,0,0,0.716
69,8,20150927_134133,87,608,0,0,0.692
70,1,20150927_134133,92,841,0,1,0.73
70,2,20150927_134133,92,858,0,1,0.744
70,3,20150927_134133,92,957,0,0,0.506
70,4,20150927_134133,92,958,0,0,0.47
70,5,20150927_134133,92,975,0,0,0.451
70,6,20150927_134133,92,986,0,0,0.479
71,1,20150927_134633,23,172,0,1,0.711
71,2,20150927_134633,23,191,0,1,0.619
71,3,20150927_134633,23,208,0,0,0.663
71,4,20150927_134633,23,224,0,1,0.671
71,5,20150927_134633,23,248,0,0,0.72
71,6,20150927_134633,23,284,0,0,0.671
71,7,20150927_134633,23,443,0,0,0.716
71,8,20150927_134633,23,551,0,0,0.693
71,9,20150927_134633,23,571,0,0,0.557
72,1,20150927_135133,91,675,0,0,0.707
72,2,20150927_135133,91,757,0,0,0.391
72,3,20150927_135133,91,799,0,0,0.399
72,4,20150927_135133,91,799,0,1,0.564
72,5,20150927_135133,91,816,0,0,0.479
72,6,20150927_135133,91,830,0,1,0.686
72,7,20150927_135133,91,851,0,1,0.65
72,8,20150927_135133,91,952,0,0,0.4
73,1,20150927_135133,96,959,0,1,0.696
73,2,20150927_135133,96,984,0,1,0.613
74,1,20150927_135133,97,46,0,1,0.723
74,2,20150927_135133,97,87,0,1,0.717
74,3,20150927_135133,97,212,0,1,0.707
74,4,20150927_135133,97,390,0,0,0.7
74,5,20150927_135133,97,923,0,0,0.653
75,1,20150927_135634,116,16,0,0,0.687
75,2,20150927_135634,116,206,0,0,0.652
75,3,20150927_135634,116,315,0,0,0.643
75,4,20150927_135634,116,389,0,0,0.477
75,5,20150927_135634,116,412,0,0,0.718
75,6,20150927_135634,116,438,0,0,0.7
75,7,20150927_135634,116,569,0,1,0.714
75,8,20150927_135634,116,602,0,0,0.514
75,9,20150927_135634,116,693,0,0,0.719
75,10,20150927_135634,116,803,0,0,0.49
75,11,20150927_135634,116,916,0,0,0.461
76,1,20150927_135634,38,40,0,0,0.642
76,2,20150927_135634,38,631,0,0,0.671
76,3,20150927_135634,38,679,0,0,0.472
76,4,20150927_135634,38,787,0,0,0.541
76,5,20150927_135634,38,878,0,0,0.672
76,6,20150927_135634,38,906,0,0,0.62
76,7,20150927_135634,38,928,0,0,0.691
76,8,20150927_135634,38,963,0,0,0.725
77,1,20150927_140134,108,165,0,0,0.667
77,2,20150927_140134,108,347,0,1,0.68
77,3,20150927_140134,108,356,0,0,0.345
77,4,20150927_140134,108,373,0,0,0.7
77,5,20150927_140134,108,400,0,0,0.512
77,6,20150927_140134,108,412,0,1,0.706
77,7,20150927_140134,108,431,0,0,0.693
77,8,20150927_140134,108,507,0,0,0.727
77,9,20150927_140134,108,567,0,1,0.702
77,10,20150927_140134,108,617,0,0,0.639
77,11,20150927_140134,108,830,0,0,0.715
77,12,20150927_140134,108,878,0,0,0.7
78,1,20150927_140134,133,79,0,0,0.369
78,2,20150927_140134,133,253,0,0,0.534
78,3,20150927_140134,133,466,0,0,0.596
78,4,20150927_140134,133,484,0,0,0.304
78,5,20150927_140134,133,501,0,0,0.568
78,6,20150927_140134,133,635,0,0,0.358
78,7,20150927_140134,133,698,0,0,0.402
78,8,20150927_140134,133,829,0,1,0.699
78,9,20150927_140134,133,863,0,1,0.69
78,10,20150927_140134,133,887,0,1,0.682
78,11,20150927_140134,133,939,0,0,0.708
78,12,20150927_140134,133,979,0,0,0.658
79,1,20150927_140134,146,575,0,1,0.649
79,2,20150927_140134,146,611,0,0,0.448
79,3,20150927_140134,146,611,0,1,0.637
79,4,20150927_140134,146,631,0,0,0.706
79,5,20150927_140134,146,664,0,0,0.697
79,6,20150927_140134,146,721,0,0,0.444
80,1,20150927_140134,27,86,0,0,0.658
80,2,20150927_140134,27,560,0,0,0.448
80,3,20150927_140134,27,569,0,0,0.322
80,4,20150927_140134,27,569,0,1,0.707
80,5,20150927_140134,27,593,0,0,0.691
80,6,20150927_140134,27,611,0,0,0.411
80,7,20150927_140134,27,625,0,0,0.62
80,8,20150927_140134,27,633,0,0,0.495
80,9,20150927_140134,27,750,0,0,0.487
80,10,20150927_140134,27,766,0,0,0.445
80,11,20150927_140134,27,992,0,0,0.644
81,1,20150927_140634,135,93,0,0,0.575
81,2,20150927_140634,135,319,0,0,0.327
81,3,20150927_140634,135,379,0,1,0.635
81,4,20150927_140634,135,390,0,0,0.58
81,5,20150927_140634,135,416,0,0,0.446
81,6,20150927_140634,135,433,0,1,0.675
81,7,20150927_140634,135,528,0,0,0.406
81,8,20150927_140634,135,564,0,1,0.649
81,9,20150927_140634,135,588,0,0,0.647
81,10,20150927_140634,135,833,0,0,0.71
81,11,20150927_140634,135,867,0,0,0.681
81,12,20150927_140634,135,918,0,0,0.691
82,1,20150927_140634,41,105,0,0,0.396
82,2,20150927_140634,41,282,0,0,0.561
82,3,20150927_140634,41,283,0,1,0.421
82,4,20150927_140634,41,329,0,0,0.737
82,5,20150927_140634,41,369,0,1,0.717
82,6,20150927_140634,41,420,0,0,0.312
82,7,20150927_140634,41,426,0,0,0.638
82,8,20150927_140634,41,657,0,0,0.716
82,9,20150927_140634,41,789,0,0,0.48
83,1,20150927_141134,121,320,0,0,0.703
83,2,20150927_141134,121,372,0,1,0.692
83,3,20150927_141134,121,472,0,1,0.662
83,4,20150927_141134,121,494,0,0,0.534
83,5,20150927_141134,121,518,0,1,0.621
83,6,20150927_141134,121,539,0,1,0.677
83,7,20150927_141134,121,869,0,0,0.584
84,1,20150927_141134,138,17,0,0,0.318
84,2,20150927_141134,138,152,0,0,0.679
84,3,20150927_141134,138,692,0,1,0.599
84,4,20150927_141134,138,695,0,0,0.411
84,5,20150927_141134,138,708,0,0,0.618
84,6,20150927_141134,138,735,0,1,0.701
84,7,20150927_141134,138,750,0,0,0.684
84,8,20150927_141134,138,766,0,0,0.669
84,9,20150927_141134,138,785,0,0,0.605
85,1,20150927_141634,46,206,0,0,0.641
85,2,20150927_141634,46,523,0,1,0.715
85,3,20150927_141634,46,560,0,0,0.714
85,4,20150927_141634,46,626,0,1,0.709
85,5,20150927_141634,46,682,0,0,0.711
85,6,20150927_141634,46,804,0,0,0.72
85,7,20150927_141634,46,822,0,0,0.374
85,8,20150927_141634,46,989,0,0,0.412
86,1,20150927_141634,95,53,0,0,0.692
86,2,20150927_141634,95,62,0,0,0.627
86,3,20150927_141634,95,217,0,1,0.627
86,4,20150927_141634,95,230,0,1,0.585
86,5,20150927_141634,95,253,0,0,0.696
86,6,20150927_141634,95,671,0,1,0.683
86,7,20150927_141634,95,689,0,0,0.522
87,1,20150927_142135,115,302,0,0,0.343
87,2,20150927_142135,115,550,0,0,0.678
87,3,20150927_142135,115,790,0,0,0.593
87,4,20150927_142135,115,797,0,1,0.55
87,5,20150927_142135,115,808,0,0,0.56
87,6,20150927_142135,115,819,0,1,0.588
87,7,20150927_142135,115,836,0,0,0.654
87,8,20150927_142135,115,942,0,0,0.679
88,1,20150927_142135,67,44,0,0,0.351
88,2,20150927_142135,67,73,0,0,0.306
88,3,20150927_142135,67,505,0,0,0.646
88,4,20150927_142135,67,515,0,1,0.691
88,5,20150927_142135,67,542,0,1,0.723
88,6,20150927_142135,67,658,0,0,0.402
88,7,20150927_142135,67,809,0,0,0.709
88,8,20150927_142135,67,842,0,0,0.695
88,9,20150927_142135,67,919,0,0,0.317
88,10,20150927_142135,67,944,0,0,0.389
89,1,20150927_142135,97,160,0,0,0.676
89,2,20150927_142135,97,171,0,0,0.412
89,3,20150927_142135,97,179,0,0,0.649
89,4,20150927_142135,97,191,0,0,0.644
89,5,20150927_142135,97,262,0,1,0.722
89,6,20150927_142135,97,373,0,0,0.658
89,7,20150927_142135,97,391,0,0,0.459
89,8,20150927_142135,97,640,0,0,0.337
89,9,20150927_142135,97,664,0,0,0.705
89,10,20150927_142135,97,965,0,0,0.577
90,1,20150927_142635,71,260,0,0,0.687
90,2,20150927_142635,71,383,0,0,0.713
90,3,20150927_142635,71,464,0,0,0.457
90,4,20150927_142635,71,791,0,0,0.648
90,5,20150927_142635,71,825,0,0,0.557
90,6,20150927_142635,71,837,0,0,0.678
90,7,20150927_142635,71,886,0,0,0.716
90,8,20150927_142635,71,956,0,0,0.692
91,1,20160802_160438,123,82,0,0,0.723
91,2,20160802_160438,123,607,0,0,0.343
92,1,20160802_160938,35,980,0,0,0.716
93,1,20160802_161939,128,253,0,1,0.681
93,2,20160802_161939,128,266,0,0,0.446
94,1,20160802_161939,22,502,0,0,0.676
94,2,20160802_161939,22,674,0,0,0.609
95,1,20160802_161939,65,457,0,0,0.621
95,2,20160802_161939,65,480,0,0,0.427
95,3,20160802_161939,65,526,0,0,0.604
95,4,20160802_161939,65,595,0,0,0.416
95,5,20160802_161939,65,745,0,0,0.545
96,1,20160802_162439,28,498,0,0,0.469
96,2,20160802_162439,28,694,0,0,0.696
96,3,20160802_162439,28,707,0,0,0.479
96,4,20160802_162439,28,832,0,0,0.484
97,1,20160802_162939,55,398,0,0,0.751
97,2,20160802_162939,55,417,0,0,0.694
98,1,20160802_163439,23,25,0,0,0.333
98,2,20160802_163439,23,103,0,0,0.678
98,3,20160802_163439,23,171,0,0,0.698
98,4,20160802_163439,23,255,0,0,0.696
98,5,20160802_163439,23,299,0,0,0.674
98,6,20160802_163439,23,353,0,0,0.567
98,7,20160802_163439,23,374,0,0,0.694
98,8,20160802_163439,23,486,0,0,0.699
98,9,20160802_163439,23,654,0,0,0.717
98,10,20160802_163439,23,701,0,0,0.697
98,11,20160802_163439,23,729,0,0,0.7
99,1,20160802_163940,3,402,0,0,0.712
99,2,20160802_163940,3,443,0,0,0.317
99,3,20160802_163940,3,904,0,0,0.574
99,4,20160802_163940,3,927,0,0,0.508
100,1,20160802_163940,35,821,0,0,0.696
101,1,20160802_163940,51,91,0,0,0.511
101,2,20160802_163940,51,101,0,0,0.595
101,3,20160802_163940,51,127,0,0,0.691
102,1,20160802_164440,102,134,0,0,0.698
102,2,20160802_164440,102,161,0,0,0.669
102,3,20160802_164440,102,313,0,0,0.412
103,1,20160802_165440,11,253,0,0,0.723
103,2,20160802_165440,11,809,0,0,0.717
104,1,20160802_165440,90,146,0,0,0.531
104,2,20160802_165440,90,626,0,0,0.538
104,3,20160802_165440,90,967,0,0,0.744
104,4,20160802_165440,90,986,0,0,0.676
104,5,20160802_165440,90,996,0,0,0.358
105,1,20160807_212510,139,761,1,1,0.695
105,2,20160807_212510,139,781,1,1,0.43
105,3,20160807_212510,139,806,1,1,0.589
105,4,20160807_212510,139,834,1,1,0.351
106,1,20160814_145725,121,308,0,0,0.662
106,2,20160814_145725,121,327,0,0,0.584
106,3,20160814_145725,121,336,0,0,0.42
106,4,20160814_145725,121,470,0,0,0.606
107,1,20160814_145725,18,246,0,1,0.692
107,2,20160814_145725,18,288,0,1,0.68
108,1,20160814_150225,28,189,0,0,0.5
108,2,20160814_150225,28,522,0,0,0.723
108,3,20160814_150225,28,652,0,0,0.67
109,1,20160814_150725,108,283,0,0,0.687
109,2,20160814_150725,108,721,0,0,0.702
110,1,20160814_152726,58,189,0,1,0.682
110,2,20160814_152726,58,198,0,1,0.612
110,3,20160814_152726,58,250,0,1,0.718
111,1,20160814_153226,79,650,0,0,0.699
111,2,20160814_153226,79,685,0,0,0.663
112,1,20160814_153726,109,393,0,0,0.683
112,2,20160814_153726,109,422,0,0,0.669
112,3,20160814_153726,109,447,0,0,0.329
112,4,20160814_153726,109,467,0,0,0.635
112,5,20160814_153726,109,494,0,0,0.591
112,6,20160814_153726,109,542,0,0,0.689
113,1,20160814_153726,19,608,0,0,0.372
113,2,20160814_153726,19,646,0,1,0.685
113,3,20160814_153726,19,683,0,1,0.699
113,4,20160814_153726,19,728,0,0,0.693
113,5,20160814_153726,19,868,0,0,0.682
113,6,20160814_153726,19,953,0,1,0.663
114,1,20160815_202845,46,607,0,1,0.505
114,2,20160815_202845,46,615,0,1,0.612
114,3,20160815_202845,46,625,0,1,0.461
114,4,20160815_202845,46,739,0,0,0.417
114,5,20160815_202845,46,885,0,0,0.358
114,6,20160815_202845,46,906,0,1,0.556
115,1,20160815_202845,79,109,0,1,0.628
115,2,20160815_202845,79,137,0,1,0.529
115,3,20160815_202845,79,137,0,1,0.318
115,4,20160815_202845,79,144,0,1,0.569
115,5,20160815_202845,79,221,0,0,0.68
115,6,20160815_202845,79,813,0,1,0.426
116,1,20160815_203345,1,27,0,1,0.642
116,2,20160815_203345,1,697,1,1,0.314
116,3,20160815_203345,1,697,0,1,0.538
116,4,20160815_203345,1,743,0,1,0.622
116,5,20160815_203345,1,779,0,1,0.624
116,6,20160815_203345,1,789,0,1,0.476
116,7,20160815_203345,1,975,0,0,0.646
117,1,20160815_203345,67,141,0,0,0.349
117,2,20160815_203345,67,248,0,0,0.522
117,3,20160815_203345,67,311,0,1,0.649
117,4,20160815_203345,67,353,0,1,0.697
117,5,20160815_203345,67,403,0,1,0.695
117,6,20160815_203345,67,450,0,1,0.7
117,7,20160815_203345,67,502,0,1,0.618
117,8,20160815_203345,67,563,0,1,0.474
117,9,20160815_203345,67,563,1,1,0.342
117,10,20160815_203345,67,621,0,1,0.686
117,11,20160815_203345,67,639,0,1,0.643
117,12,20160815_203345,67,671,0,1,0.66
117,13,20160815_203345,67,692,0,1,0.685
117,14,20160815_203345,67,716,0,1,0.483
118,1,20160815_203846,113,608,1,1,0.532
118,2,20160815_203846,113,659,1,1,0.589
118,3,20160815_203846,113,698,0,1,0.431
118,4,20160815_203846,113,698,1,1,0.337
118,5,20160815_203846,113,754,0,1,0.419
118,6,20160815_203846,113,754,1,1,0.358
118,7,20160815_203846,113,817,1,1,0.385
118,8,20160815_203846,113,817,0,1,0.469
118,9,20160815_203846,113,911,0,1,0.45
118,10,20160815_203846,113,935,0,0,0.367
118,11,20160815_203846,113,951,1,1,0.683
118,12,20160815_203846,113,980,0,0,0.415
119,1,20160815_203846,23,47,0,1,0.362
119,2,20160815_203846,23,47,1,1,0.469
119,3,20160815_203846,23,115,0,1,0.466
119,4,20160815_203846,23,127,0,1,0.336
119,5,20160815_203846,23,126,0,1,0.697
119,6,20160815_203846,23,165,1,1,0.621
119,7,20160815_203846,23,459,0,1,0.584
119,8,20160815_203846,23,628,0,0,0.619
120,1,20160815_203846,42,185,0,0,0.655
120,2,20160815_203846,42,407,0,0,0.404
120,3,20160815_203846,42,446,0,0,0.431
120,4,20160815_203846,42,514,0,0,0.568
120,5,20160815_203846,42,567,0,0,0.538
120,6,20160815_203846,42,601,0,1,0.649
120,7,20160815_203846,42,818,1,1,0.673
120,8,20160815_203846,42,839,0,1,0.401
120,9,20160815_203846,42,839,1,1,0.532
120,10,20160815_203846,42,856,1,1,0.506
120,11,20160815_203846,42,926,0,1,0.521
120,12,20160815_203846,42,956,0,1,0.475
121,1,20160815_204346,19,40,0,0,0.556
121,2,20160815_204346,19,215,1,1,0.407
121,3,20160815_204346,19,213,0,1,0.462
121,4,20160815_204346,19,272,0,0,0.49
121,5,20160815_204346,19,358,1,1,0.423
121,6,20160815_204346,19,358,0,1,0.472
121,7,20160815_204346,19,386,0,0,0.47
121,8,20160815_204346,19,490,0,1,0.625
121,9,20160815_204346,19,577,0,1,0.639
121,10,20160815_204346,19,672,0,1,0.665
121,11,20160815_204346,19,787,0,0,0.626
121,12,20160815_204346,19,805,0,0,0.38
121,13,20160815_204346,19,829,0,1,0.656
121,14,20160815_204346,19,844,0,0,0.544
121,15,20160815_204346,19,945,0,0,0.604
122,1,20160815_204846,136,4,0,0,0.464
122,2,20160815_204846,136,59,0,1,0.652
122,3,20160815_204846,136,65,0,1,0.407
122,4,20160815_204846,136,232,0,1,0.364
122,5,20160815_204846,136,531,0,1,0.681
122,6,20160815_204846,136,570,0,0,0.31
123,1,20160815_205346,3,85,0,0,0.659
123,2,20160815_205346,3,150,0,1,0.612
123,3,20160815_205346,3,177,0,1,0.622
123,4,20160815_205346,3,208,0,1,0.71
123,5,20160815_205346,3,262,0,1,0.555
123,6,20160815_205346,3,269,0,1,0.355
123,7,20160815_205346,3,867,0,1,0.59
124,1,20160815_205346,84,321,0,0,0.527
124,2,20160815_205346,84,400,0,1,0.698
124,3,20160815_205346,84,482,0,1,0.67
124,4,20160815_205346,84,605,0,1,0.497
124,5,20160815_205346,84,670,0,1,0.705
124,6,20160815_205346,84,816,0,0,0.647
124,7,20160815_205346,84,837,0,1,0.509
124,8,20160815_205346,84,922,0,1,0.555
125,1,20160815_205846,16,612,0,1,0.624
125,2,20160815_205846,16,627,0,1,0.463
125,3,20160815_205846,16,807,0,1,0.611
125,4,20160815_205846,16,868,0,0,0.532
125,5,20160815_205846,16,916,0,1,0.46
125,6,20160815_205846,16,981,0,1,0.405
126,1,20160815_210347,125,135,0,1,0.624
126,2,20160815_210347,125,609,0,1,0.637
126,3,20160815_210347,125,634,0,1,0.652
126,4,20160815_210347,125,667,0,1,0.668
126,5,20160815_210347,125,701,0,1,0.688
127,1,20160815_211847,101,136,0,0,0.466
127,2,20160815_211847,101,307,0,0,0.679
127,3,20160815_211847,101,319,0,0,0.373
127,4,20160815_211847,101,341,0,0,0.545
127,5,20160815_211847,101,733,0,0,0.558
128,1,20160815_211847,87,16,0,0,0.515
128,2,20160815_211847,87,34,1,1,0.48
128,3,20160815_211847,87,34,0,1,0.517
128,4,20160815_211847,87,68,0,1,0.544
128,5,20160815_211847,87,87,0,1,0.703
128,6,20160815_211847,87,156,0,1,0.575
128,7,20160815_211847,87,209,0,1,0.675
128,8,20160815_211847,87,507,0,0,0.484
129,1,20160821_184509,103,172,0,0,0.61
129,2,20160821_184509,103,327,0,0,0.386
129,3,20160821_184509,103,422,0,0,0.362
129,4,20160821_184509,103,464,0,1,0.536
129,5,20160821_184509,103,522,0,1,0.474
129,6,20160821_184509,103,634,0,1,0.585
129,7,20160821_184509,103,674,0,1,0.318
129,8,20160821_184509,103,674,1,1,0.462
129,9,20160821_184509,103,899,1,1,0.366
129,10,20160821_184509,103,899,0,1,0.458
129,11,20160821_184509,103,912,0,0,0.497
129,12,20160821_184509,103,930,0,1,0.358
129,13,20160821_184509,103,930,1,1,0.374
129,14,20160821_184509,103,956,0,1,0.569
129,15,20160821_184509,103,986,0,1,0.561
130,1,20160821_184509,106,99,0,0,0.729
130,2,20160821_184509,106,152,0,0,0.662
130,3,20160821_184509,106,186,1,1,0.586
130,4,20160821_184509,106,220,1,1,0.581
130,5,20160821_184509,106,261,0,1,0.524
130,6,20160821_184509,106,286,0,0,0.432
130,7,20160821_184509,106,399,0,0,0.461
130,8,20160821_184509,106,453,0,1,0.468
131,1,20160821_184509,124,49,0,1,0.408
131,2,20160821_184509,124,84,0,1,0.514
131,3,20160821_184509,124,122,1,1,0.434
131,4,20160821_184509,124,122,0,1,0.502
131,5,20160821_184509,124,208,0,1,0.321
131,6,20160821_184509,124,219,0,0,0.451
131,7,20160821_184509,124,733,0,1,0.602
131,8,20160821_184509,124,954,0,0,0.569
132,1,20160821_185510,114,131,0,1,0.59
132,2,20160821_185510,114,171,0,0,0.398
132,3,20160821_185510,114,220,1,1,0.324
132,4,20160821_185510,114,220,0,1,0.55
132,5,20160821_185510,114,461,0,0,0.368
132,6,20160821_185510,114,521,0,0,0.381
132,7,20160821_185510,114,538,0,0,0.654
132,8,20160821_185510,114,586,0,0,0.545
133,1,20160821_185510,81,60,0,1,0.355
133,2,20160821_185510,81,60,1,1,0.444
133,3,20160821_185510,81,159,0,0,0.643
133,4,20160821_185510,81,192,0,0,0.399
133,5,20160821_185510,81,217,1,1,0.611
133,6,20160821_185510,81,329,0,0,0.518
134,1,20160821_190010,96,4,0,0,0.486
134,2,20160821_190010,96,13,0,0,0.34
134,3,20160821_190010,96,115,0,0,0.411
134,4,20160821_190010,96,186,0,0,0.439
134,5,20160821_190010,96,277,0,0,0.629
134,6,20160821_190010,96,312,0,0,0.466
134,7,20160821_190010,96,464,0,0,0.339
134,8,20160821_190010,96,478,0,0,0.666
134,9,20160821_190010,96,530,0,0,0.568
134,10,20160821_190010,96,723,0,1,0.488
134,11,20160821_190010,96,967,0,1,0.522
134,12,20160821_190010,96,967,1,1,0.322
135,1,20160821_193512,140,3,0,0,0.469
135,2,20160821_193512,140,58,0,0,0.305
135,3,20160821_193512,140,58,1,0,0.549
135,4,20160821_193512,140,134,0,1,0.372
135,5,20160821_193512,140,208,1,1,0.722
135,6,20160821_193512,140,245,0,1,0.387
135,7,20160821_193512,140,245,1,1,0.544
135,8,20160821_193512,140,274,0,0,0.414
135,9,20160821_193512,140,379,0,1,0.353
135,10,20160821_193512,140,378,1,1,0.391
135,11,20160821_193512,140,400,0,1,0.385
135,12,20160821_193512,140,400,1,1,0.45
135,13,20160821_193512,140,474,0,1,0.533
135,14,20160821_193512,140,474,1,1,0.415
135,15,20160821_193512,140,500,0,1,0.526
135,16,20160821_193512,140,534,0,1,0.377
135,17,20160821_193512,140,569,0,0,0.472
135,18,20160821_193512,140,600,0,1,0.313
135,19,20160821_193512,140,600,1,1,0.521
135,20,20160821_193512,140,702,0,0,0.44
135,21,20160821_193512,140,730,0,1,0.468
135,22,20160821_193512,140,813,1,1,0.67
136,1,20160830_191000,134,17,0,0,0.642
136,2,20160830_191000,134,30,0,1,0.351
136,3,20160830_191000,134,51,0,0,0.543
136,4,20160830_191000,134,83,0,0,0.523
136,5,20160830_191000,134,132,0,1,0.578
136,6,20160830_191000,134,176,0,1,0.621
136,7,20160830_191000,134,255,0,0,0.497
136,8,20160830_191000,134,265,0,1,0.538
136,9,20160830_191000,134,292,0,1,0.526
136,10,20160830_191000,134,308,0,0,0.594
136,11,20160830_191000,134,495,0,1,0.711
136,12,20160830_191000,134,658,0,1,0.581
136,13,20160830_191000,134,715,0,1,0.61
136,14,20160830_191000,134,763,1,1,0.332
136,15,20160830_191000,134,763,0,1,0.583
136,16,20160830_191000,134,913,0,0,0.502
136,17,20160830_191000,134,989,0,0,0.398
137,1,20160830_191000,23,45,0,0,0.391
137,2,20160830_191000,23,184,0,1,0.486
137,3,20160830_191000,23,381,0,0,0.546
137,4,20160830_191000,23,441,0,0,0.671
137,5,20160830_191000,23,450,0,0,0.33
137,6,20160830_191000,23,504,0,1,0.613
137,7,20160830_191000,23,526,0,1,0.507
137,8,20160830_191000,23,533,0,1,0.328
137,9,20160830_191000,23,559,0,1,0.562
137,10,20160830_191000,23,559,1,1,0.331
137,11,20160830_191000,23,815,1,1,0.496
137,12,20160830_191000,23,847,0,1,0.584
137,13,20160830_191000,23,923,0,1,0.476
137,14,20160830_191000,23,952,0,0,0.408
137,15,20160830_191000,23,970,0,0,0.711
138,1,20160830_191500,117,9,0,1,0.602
138,2,20160830_191500,117,23,0,1,0.414
138,3,20160830_191500,117,23,1,1,0.419
138,4,20160830_191500,117,58,0,0,0.639
138,5,20160830_191500,117,70,0,0,0.402
138,6,20160830_191500,117,118,0,0,0.413
138,7,20160830_191500,117,141,0,1,0.564
138,8,20160830_191500,117,141,1,1,0.358
138,9,20160830_191500,117,163,0,1,0.549
138,10,20160830_191500,117,309,0,1,0.659
138,11,20160830_191500,117,368,0,0,0.598
138,12,20160830_191500,117,376,0,0,0.369
138,13,20160830_191500,117,413,0,0,0.345
138,14,20160830_191500,117,413,0,1,0.599
138,15,20160830_191500,117,451,0,0,0.365
138,16,20160830_191500,117,493,0,0,0.628
138,17,20160830_191500,117,502,0,0,0.375
138,18,20160830_191500,117,528,0,0,0.653
138,19,20160830_191500,117,704,0,1,0.658
138,20,20160830_191500,117,999,0,0,0.544
139,1,20160830_191500,90,221,0,0,0.358
139,2,20160830_191500,90,234,0,1,0.658
139,3,20160830_191500,90,319,0,1,0.424
139,4,20160830_191500,90,319,1,1,0.431
139,5,20160830_191500,90,541,0,0,0.361
139,6,20160830_191500,90,642,0,1,0.352
139,7,20160830_191500,90,642,1,1,0.552
139,8,20160830_191500,90,673,0,1,0.461
139,9,20160830_191500,90,673,1,1,0.346
139,10,20160830_191500,90,745,0,1,0.53
139,11,20160830_191500,90,791,0,1,0.468
139,12,20160830_191500,90,811,0,0,0.434
139,13,20160830_191500,90,859,0,1,0.611
139,14,20160830_191500,90,881,0,0,0.457
139,15,20160830_191500,90,925,0,1,0.521
139,16,20160830_191500,90,964,0,1,0.57
140,1,20160830_192000,15,50,0,1,0.45
140,2,20160830_192000,15,50,1,1,0.366
140,3,20160830_192000,15,177,1,1,0.628
140,4,20160830_192000,15,229,0,0,0.49
140,5,20160830_192000,15,242,1,1,0.639
140,6,20160830_192000,15,289,0,1,0.53
140,7,20160830_192000,15,395,0,1,0.628
140,8,20160830_192000,15,424,0,0,0.468
141,1,20160830_193000,2,103,0,0,0.621
141,2,20160830_193000,2,567,0,0,0.335
141,3,20160830_193000,2,563,1,0,0.483
141,4,20160830_193000,2,589,0,0,0.459
141,5,20160830_193000,2,714,0,1,0.592
141,6,20160830_193000,2,752,0,0,0.459
141,7,20160830_193000,2,772,0,1,0.501
141,8,20160830_193000,2,772,1,1,0.42
141,9,20160830_193000,2,813,0,1,0.358
141,10,20160830_193000,2,813,1,1,0.555
141,11,20160830_193000,2,865,0,1,0.434
141,12,20160830_193000,2,865,1,1,0.535
141,13,20160830_193000,2,901,0,1,0.577
141,14,20160830_193000,2,900,1,1,0.36
141,15,20160830_193000,2,971,1,1,0.347
141,16,20160830_193000,2,971,0,1,0.494
142,1,20160830_194501,98,44,0,0,0.466
142,2,20160830_194501,98,424,0,1,0.702
142,3,20160830_194501,98,439,0,1,0.586
142,4,20160830_194501,98,456,0,1,0.585
142,5,20160830_194501,98,654,0,0,0.433
142,6,20160830_194501,98,753,1,1,0.499
142,7,20160830_194501,98,811,0,1,0.355
142,8,20160830_194501,98,811,1,1,0.499
142,9,20160830_194501,98,847,0,0,0.596
142,10,20160830_194501,98,862,0,1,0.648
142,11,20160830_194501,98,920,0,0,0.358
143,1,20160830_195001,33,210,1,1,0.626
143,2,20160830_195001,33,414,1,1,0.534
143,3,20160830_195001,33,438,0,1,0.432
143,4,20160830_195001,33,460,0,1,0.47
143,5,20160830_195001,33,486,0,1,0.589
143,6,20160830_195001,33,540,0,1,0.54
143,7,20160830_195001,33,597,0,1,0.592
143,8,20160830_195001,33,640,0,1,0.421
143,9,20160830_195001,33,749,0,0,0.34
143,10,20160830_195001,33,791,1,1,0.569
144,1,20170702_161620,119,405,0,0,0.631
145,1,20170702_161620,48,720,0,0,0.504
146,1,20170702_161620,98,132,0,0,0.722
146,2,20170702_161620,98,148,0,0,0.614
147,1,20170702_164121,52,71,0,0,0.485
147,2,20170702_164121,52,408,0,0,0.721
147,3,20170702_164121,52,438,0,0,0.627
147,4,20170702_164121,52,461,0,0,0.338
147,5,20170702_164121,52,475,0,0,0.617
147,6,20170702_164121,52,575,0,0,0.699
147,7,20170702_164121,52,639,0,0,0.687
147,8,20170702_164121,52,673,0,0,0.378
147,9,20170702_164121,52,744,0,0,0.676
148,1,20170702_164621,16,337,0,0,0.694
148,2,20170702_164621,16,359,0,0,0.589
148,3,20170702_164621,16,425,0,0,0.724
148,4,20170702_164621,16,470,0,0,0.669
148,5,20170702_164621,16,598,0,0,0.392
148,6,20170702_164621,16,718,0,0,0.542
149,1,20170702_164621,99,68,0,0,0.466
149,2,20170702_164621,99,87,0,0,0.495
149,3,20170702_164621,99,124,0,1,0.647
149,4,20170702_164621,99,239,0,0,0.357
149,5,20170702_164621,99,291,0,1,0.646
150,1,20170707_230135,29,512,1,1,0.737
150,2,20170707_230135,29,557,1,1,0.639
150,3,20170707_230135,29,624,1,0,0.578
151,1,20170707_230135,9,198,0,0,0.328
151,2,20170707_230135,9,437,0,0,0.645
151,3,20170707_230135,9,633,0,0,0.556
151,4,20170707_230135,9,733,0,1,0.49
151,5,20170707_230135,9,733,1,1,0.409
151,6,20170707_230135,9,773,0,0,0.562
152,1,20170707_230635,53,678,1,1,0.708
152,2,20170707_230635,53,697,1,1,0.655
152,3,20170707_230635,53,795,1,1,0.776
153,1,20170707_230635,83,570,0,1,0.461
153,2,20170707_230635,83,570,1,1,0.434
153,3,20170707_230635,83,830,0,0,0.653
154,1,20170707_231135,31,626,0,1,0.518
154,2,20170707_231135,31,650,0,1,0.343
154,3,20170707_231135,31,847,1,1,0.68
154,4,20170707_231135,31,878,1,1,0.476
154,5,20170707_231135,31,934,1,1,0.735
154,6,20170707_231135,31,982,1,1,0.653
155,1,20170707_231135,65,132,0,0,0.716
155,2,20170707_231135,65,952,1,1,0.715
156,1,20170707_231635,129,61,0,0,0.301
156,2,20170707_231635,129,853,1,1,0.725
156,3,20170707_231635,129,895,1,1,0.534
157,1,20170707_232136,124,474,0,0,0.373
157,2,20170707_232136,124,474,1,0,0.359
157,3,20170707_232136,124,709,0,0,0.526
157,4,20170707_232136,124,853,1,1,0.776
157,5,20170707_232136,124,908,1,1,0.663
157,6,20170707_232136,124,961,1,1,0.639
157,7,20170707_232136,124,996,0,0,0.529
158,1,20170707_233136,45,89,0,0,0.463
158,2,20170707_233136,45,195,0,0,0.439
158,3,20170707_233136,45,602,1,1,0.686
158,4,20170707_233136,45,648,1,1,0.514
158,5,20170707_233136,45,674,1,1,0.395
158,6,20170707_233136,45,719,0,1,0.414
158,7,20170707_233136,45,733,0,0,0.449
158,8,20170707_233136,45,813,1,1,0.692
158,9,20170707_233136,45,904,0,1,0.321
158,10,20170707_233136,45,904,1,1,0.546
159,1,20170707_233636,142,165,0,1,0.502
159,2,20170707_233636,142,253,1,1,0.604
159,3,20170707_233636,142,334,0,1,0.318
159,4,20170707_233636,142,334,1,1,0.545
159,5,20170707_233636,142,373,0,0,0.484
160,1,20170707_234137,6,42,0,0,0.566
160,2,20170707_234137,6,58,0,0,0.549
160,3,20170707_234137,6,391,0,0,0.715
160,4,20170707_234137,6,521,0,0,0.305
160,5,20170707_234137,6,757,1,1,0.528
160,6,20170707_234137,6,807,0,1,0.443
160,7,20170707_234137,6,807,1,1,0.453
160,8,20170707_234137,6,882,0,0,0.398
160,9,20170707_234137,6,916,1,1,0.691
161,1,20170707_234637,41,136,0,0,0.332
161,2,20170707_234637,41,164,0,1,0.475
161,3,20170707_234637,41,178,0,1,0.422
161,4,20170707_234637,41,193,1,1,0.707
161,5,20170707_234637,41,246,0,1,0.346
161,6,20170707_234637,41,246,1,1,0.43
161,7,20170707_234637,41,324,0,0,0.49
161,8,20170707_234637,41,353,1,1,0.662
161,9,20170707_234637,41,417,0,0,0.417
161,10,20170707_234637,41,564,0,0,0.657
161,11,20170707_234637,41,887,0,0,0.322
162,1,20170707_235637,85,44,0,0,0.714
162,2,20170707_235637,85,134,0,0,0.534
162,3,20170707_235637,85,196,0,1,0.649
162,4,20170707_235637,85,492,1,1,0.573
162,5,20170707_235637,85,611,0,0,0.503
163,1,20170714_153824,124,342,0,1,0.543
163,2,20170714_153824,124,436,0,0,0.676
163,3,20170714_153824,124,479,0,0,0.312
163,4,20170714_153824,124,588,0,0,0.672
163,5,20170714_153824,124,778,0,0,0.538
164,1,20170714_153824,134,595,0,0,0.717
164,2,20170714_153824,134,678,0,0,0.699
164,3,20170714_153824,134,711,0,0,0.346
165,1,20170714_155325,107,160,0,0,0.513
165,2,20170714_155325,107,336,0,0,0.332
165,3,20170714_155325,107,644,0,0,0.365
165,4,20170714_155325,107,664,0,0,0.699
165,5,20170714_155325,107,731,0,0,0.551
165,6,20170714_155325,107,771,0,0,0.639
165,7,20170714_155325,107,859,0,0,0.372
165,8,20170714_155325,107,905,0,0,0.501
165,9,20170714_155325,107,966,0,0,0.603
166,1,20170714_155325,90,149,0,0,0.414
166,2,20170714_155325,90,204,0,0,0.595
166,3,20170714_155325,90,607,0,0,0.654
167,1,20170714_155825,62,299,0,0,0.458
167,2,20170714_155825,62,308,0,0,0.439
167,3,20170714_155825,62,403,0,0,0.479
167,4,20170714_155825,62,435,0,0,0.64
167,5,20170714_155825,62,538,0,1,0.682
167,6,20170714_155825,62,701,0,0,0.591
167,7,20170714_155825,62,937,0,0,0.532
168,1,20170715_121417,62,108,0,0,0.631
168,2,20170715_121417,62,489,0,0,0.597
168,3,20170715_121417,62,496,0,0,0.496
168,4,20170715_121417,62,563,0,0,0.316
168,5,20170715_121417,62,897,0,0,0.702
168,6,20170715_121417,62,952,0,0,0.37
169,1,20170715_121917,35,153,0,0,0.482
169,2,20170715_121917,35,671,0,0,0.675
169,3,20170715_121917,35,678,0,0,0.321
169,4,20170715_121917,35,697,0,0,0.316
170,1,20170715_121917,45,248,0,0,0.686
171,1,20170715_123918,140,538,0,0,0.63
171,2,20170715_123918,140,559,0,1,0.709
171,3,20170715_123918,140,626,0,1,0.71
171,4,20170715_123918,140,684,0,1,0.691
171,5,20170715_123918,140,722,0,1,0.713
171,6,20170715_123918,140,745,0,0,0.451
171,7,20170715_123918,140,841,0,1,0.673
171,8,20170715_123918,140,890,0,1,0.566
172,1,20170715_123918,48,889,0,0,0.506
172,2,20170715_123918,48,898,0,1,0.65
172,3,20170715_123918,48,920,0,1,0.684
173,1,20170715_125419,68,455,0,1,0.706
173,2,20170715_125419,68,484,0,1,0.679
173,3,20170715_125419,68,637,0,1,0.458
173,4,20170715_125419,68,645,0,1,0.62
173,5,20170715_125419,68,757,0,1,0.678
173,6,20170715_125419,68,789,0,1,0.708
173,7,20170715_125419,68,820,0,1,0.323
173,8,20170715_125419,68,840,0,0,0.416
174,1,20170715_125419,86,467,0,0,0.698
174,2,20170715_125419,86,484,0,0,0.366
174,3,20170715_125419,86,555,0,1,0.448
174,4,20170715_125419,86,925,0,1,0.465
175,1,20170715_125419,94,84,0,1,0.54
175,2,20170715_125419,94,84,1,1,0.31
175,3,20170715_125419,94,125,0,1,0.537
175,4,20170715_125419,94,246,0,1,0.7
175,5,20170715_125419,94,279,0,0,0.391
176,1,20170715_125919,124,39,0,1,0.679
176,2,20170715_125919,124,72,0,1,0.638
176,3,20170715_125919,124,645,0,0,0.582
176,4,20170715_125919,124,659,0,1,0.651
176,5,20170715_125919,124,662,0,1,0.419
176,6,20170715_125919,124,682,0,1,0.323
176,7,20170715_125919,124,692,0,1,0.7
177,1,20170715_125919,76,597,0,0,0.641
177,2,20170715_125919,76,660,0,1,0.69
177,3,20170715_125919,76,964,0,1,0.671
178,1,20170715_130419,144,405,0,0,0.308
178,2,20170715_130419,144,701,0,1,0.691
178,3,20170715_130419,144,742,0,1,0.635
178,4,20170715_130419,144,766,0,1,0.64
178,5,20170715_130419,144,859,0,1,0.346
178,6,20170715_130419,144,899,0,1,0.435
178,7,20170715_130419,144,956,0,1,0.585
178,8,20170715_130419,144,987,0,1,0.517
179,1,20170715_130920,111,23,0,1,0.657
179,2,20170715_130920,111,44,0,1,0.692
179,3,20170715_130920,111,110,0,1,0.663
179,4,20170715_130920,111,151,0,1,0.643
179,5,20170715_130920,111,194,0,1,0.652
179,6,20170715_130920,111,761,0,0,0.624
179,7,20170715_130920,111,835,0,0,0.468
179,8,20170715_130920,111,908,0,0,0.682
180,1,20170715_130920,44,194,0,0,0.542
180,2,20170715_130920,44,428,0,1,0.714
180,3,20170715_130920,44,441,0,1,0.648
180,4,20170715_130920,44,477,0,1,0.687
180,5,20170715_130920,44,491,0,1,0.718
180,6,20170715_130920,44,548,0,1,0.659
180,7,20170715_130920,44,578,0,1,0.668
180,8,20170715_130920,44,661,0,1,0.609
180,9,20170715_130920,44,740,0,1,0.701
180,10,20170715_130920,44,777,0,1,0.446
180,11,20170715_130920,44,977,0,1,0.697
181,1,20170715_130920,7,255,0,1,0.693
181,2,20170715_130920,7,279,0,1,0.675
181,3,20170715_130920,7,338,0,1,0.681
181,4,20170715_130920,7,400,0,1,0.675
181,5,20170715_130920,7,533,0,1,0.707
181,6,20170715_130920,7,557,0,0,0.687
181,7,20170715_130920,7,616,0,1,0.65
181,8,20170715_130920,7,709,0,1,0.706
181,9,20170715_130920,7,792,0,1,0.706
181,10,20170715_130920,7,911,0,1,0.673
182,1,20170721_215037,10,77,0,0,0.394
182,2,20170721_215037,10,175,0,0,0.542
182,3,20170721_215037,10,493,0,1,0.679
182,4,20170721_215037,10,733,0,1,0.422
182,5,20170721_215037,10,733,1,1,0.519
182,6,20170721_215037,10,756,0,1,0.549
182,7,20170721_215037,10,778,0,1,0.597
182,8,20170721_215037,10,803,0,1,0.614
182,9,20170721_215037,10,827,0,1,0.489
182,10,20170721_215037,10,844,1,1,0.584
182,11,20170721_215037,10,874,0,1,0.616
182,12,20170721_215037,10,932,0,0,0.301
182,13,20170721_215037,10,948,0,1,0.532
182,14,20170721_215037,10,948,1,1,0.443
183,1,20170721_221038,133,234,0,0,0.551
183,2,20170721_221038,133,303,1,1,0.311
183,3,20170721_221038,133,303,0,1,0.548
183,4,20170721_221038,133,338,0,0,0.307
183,5,20170721_221038,133,405,0,0,0.574
183,6,20170721_221038,133,417,0,1,0.597
183,7,20170721_221038,133,481,0,1,0.667
183,8,20170721_221038,133,520,0,1,0.631
183,9,20170721_221038,133,543,0,1,0.587
183,10,20170721_221038,133,552,0,1,0.446
183,11,20170721_221038,133,568,0,1,0.575
183,12,20170721_221038,133,628,1,1,0.628
183,13,20170721_221038,133,645,0,0,0.545
183,14,20170721_221038,133,652,0,0,0.33
183,15,20170721_221038,133,660,0,0,0.505
183,16,20170721_221038,133,680,0,1,0.342
183,17,20170721_221038,133,699,0,1,0.696
183,18,20170721_221038,133,726,0,1,0.354
183,19,20170721_221038,133,860,0,0,0.638
183,20,20170721_221038,133,894,0,1,0.451
183,21,20170721_221038,133,954,0,1,0.64
183,22,20170721_221038,133,994,0,1,0.608
184,1,20170721_222039,139,83,0,0,0.675
184,2,20170721_222039,139,156,1,1,0.633
184,3,20170721_222039,139,198,1,1,0.622
184,4,20170721_222039,139,239,0,1,0.688
184,5,20170721_222039,139,308,0,1,0.416
184,6,20170721_222039,139,308,1,1,0.447
184,7,20170721_222039,139,380,0,0,0.625
184,8,20170721_222039,139,417,0,0,0.367
184,9,20170721_222039,139,514,0,0,0.638
184,10,20170721_222039,139,827,1,1,0.495
184,11,20170721_222039,139,827,0,1,0.355
184,12,20170721_222039,139,886,0,0,0.609
184,13,20170721_222039,139,898,1,1,0.616
184,14,20170721_222039,139,951,0,0,0.38
185,1,20170721_222039,46,704,0,1,0.576
185,2,20170721_222039,46,704,1,1,0.305
185,3,20170721_222039,46,737,0,1,0.682
185,4,20170721_222039,46,779,0,1,0.46
185,5,20170721_222039,46,779,1,1,0.39
185,6,20170721_222039,46,831,0,1,0.642
185,7,20170721_222039,46,874,0,0,0.571
185,8,20170721_222039,46,903,0,1,0.654
185,9,20170721_222039,46,970,0,1,0.61
186,1,20170721_222039,92,42,0,0,0.379
186,2,20170721_222039,92,42,0,1,0.635
186,3,20170721_222039,92,101,0,1,0.342
186,4,20170721_222039,92,101,1,1,0.645
186,5,20170721_222039,92,127,1,1,0.35
186,6,20170721_222039,92,127,0,1,0.469
186,7,20170721_222039,92,239,0,0,0.488
186,8,20170721_222039,92,245,0,0,0.6
186,9,20170721_222039,92,321,0,0,0.562
186,10,20170721_222039,92,338,0,0,0.608
186,11,20170721_222039,92,361,0,0,0.643
187,1,20170721_222039,99,185,1,1,0.656
187,2,20170721_222039,99,270,0,1,0.612
187,3,20170721_222039,99,289,0,1,0.513
187,4,20170721_222039,99,303,0,1,0.353
187,5,20170721_222039,99,313,0,0,0.677
187,6,20170721_222039,99,365,0,1,0.594
187,7,20170721_222039,99,373,0,1,0.341
187,8,20170721_222039,99,417,0,0,0.542
187,9,20170721_222039,99,450,0,0,0.454
187,10,20170721_222039,99,605,0,0,0.696
188,1,20170721_222539,107,275,0,1,0.677
188,2,20170721_222539,107,345,0,1,0.651
188,3,20170721_222539,107,398,0,1,0.712
188,4,20170721_222539,107,452,0,1,0.553
188,5,20170721_222539,107,522,0,1,0.639
188,6,20170721_222539,107,568,0,1,0.569
188,7,20170721_222539,107,639,0,1,0.593
188,8,20170721_222539,107,735,0,1,0.535
188,9,20170721_222539,107,766,0,1,0.397
188,10,20170721_222539,107,816,0,0,0.44
188,11,20170721_222539,107,849,0,1,0.593
188,12,20170721_222539,107,897,0,0,0.497
188,13,20170721_222539,107,965,0,1,0.703
189,1,20170721_222539,15,251,0,1,0.595
189,2,20170721_222539,15,258,0,1,0.481
189,3,20170721_222539,15,286,0,1,0.577
189,4,20170721_222539,15,302,0,1,0.643
189,5,20170721_222539,15,316,0,1,0.556
189,6,20170721_222539,15,323,0,0,0.495
189,7,20170721_222539,15,348,0,1,0.576
189,8,20170721_222539,15,429,0,1,0.514
189,9,20170721_222539,15,429,1,1,0.346
189,10,20170721_222539,15,533,0,1,0.625
189,11,20170721_222539,15,836,0,1,0.573
190,1,20170721_223539,139,18,0,0,0.647
190,2,20170721_223539,139,39,0,0,0.326
190,3,20170721_223539,139,118,0,0,0.538
190,4,20170721_223539,139,127,0,1,0.633
190,5,20170721_223539,139,221,0,0,0.57
190,6,20170721_223539,139,237,0,1,0.43
190,7,20170721_223539,139,237,1,1,0.49
190,8,20170721_223539,139,284,0,0,0.65
190,9,20170721_223539,139,309,0,1,0.573
190,10,20170721_223539,139,332,0,1,0.598
190,11,20170721_223539,139,486,0,1,0.526
190,12,20170721_223539,139,554,0,0,0.387
190,13,20170721_223539,139,574,0,1,0.512
190,14,20170721_223539,139,795,0,0,0.453
190,15,20170721_223539,139,871,0,0,0.522
191,1,20170721_223539,67,286,1,1,0.654
191,2,20170721_223539,67,315,0,1,0.341
191,3,20170721_223539,67,316,1,1,0.498
191,4,20170721_223539,67,374,1,1,0.517
191,5,20170721_223539,67,426,0,1,0.485
191,6,20170721_223539,67,663,0,1,0.663
191,7,20170721_223539,67,879,0,0,0.381
191,8,20170721_223539,67,923,0,0,0.632
191,9,20170721_223539,67,937,0,0,0.401
191,10,20170721_223539,67,947,0,1,0.335
191,11,20170721_223539,67,959,0,1,0.428
192,1,20170721_224540,112,134,0,0,0.666
192,2,20170721_224540,112,157,0,0,0.557
192,3,20170721_224540,112,177,0,0,0.359
192,4,20170721_224540,112,616,0,1,0.457
192,5,20170721_224540,112,616,1,1,0.479
192,6,20170721_224540,112,645,0,0,0.444
192,7,20170721_224540,112,752,1,1,0.565
192,8,20170721_224540,112,797,0,0,0.524
192,9,20170721_224540,112,810,0,1,0.573
192,10,20170721_224540,112,821,0,1,0.315
192,11,20170721_224540,112,897,1,1,0.42
192,12,20170721_224540,112,901,0,1,0.464
193,1,20170730_170406,26,386,0,1,0.605
193,2,20170730_170406,26,395,0,1,0.56
193,3,20170730_170406,26,552,0,1,0.715
193,4,20170730_170406,26,587,0,1,0.75
193,5,20170730_170406,26,605,0,1,0.672
193,6,20170730_170406,26,620,0,0,0.428
193,7,20170730_170406,26,738,0,0,0.335
193,8,20170730_170406,26,782,0,1,0.69
193,9,20170730_170406,26,857,0,0,0.313
193,10,20170730_170406,26,904,0,1,0.672
194,1,20170730_170406,65,228,0,0,0.348
194,2,20170730_170406,65,824,0,0,0.376
194,3,20170730_170406,65,856,0,1,0.692
194,4,20170730_170406,65,892,0,1,0.607
194,5,20170730_170406,65,906,0,0,0.595
194,6,20170730_170406,65,977,0,1,0.322
194,7,20170730_170406,65,986,0,1,0.55
195,1,20170730_171406,8,10,0,1,0.668
195,2,20170730_171406,8,34,0,0,0.669
195,3,20170730_171406,8,115,0,1,0.706
195,4,20170730_171406,8,177,0,0,0.528
195,5,20170730_171406,8,248,0,1,0.716
195,6,20170730_171406,8,269,0,1,0.556
195,7,20170730_171406,8,279,0,0,0.406
195,8,20170730_171406,8,286,0,0,0.529
195,9,20170730_171406,8,317,0,0,0.531
195,10,20170730_171406,8,405,0,0,0.658
195,11,20170730_171406,8,414,0,0,0.388
195,12,20170730_171406,8,426,0,0,0.571
195,13,20170730_171406,8,574,0,1,0.593
195,14,20170730_171406,8,859,0,0,0.686
195,15,20170730_171406,8,893,0,0,0.599
196,1,20170730_172407,36,69,0,0,0.348
196,2,20170730_172407,36,225,0,1,0.685
196,3,20170730_172407,36,280,0,1,0.687
196,4,20170730_172407,36,331,0,1,0.692
196,5,20170730_172407,36,377,0,1,0.707
196,6,20170730_172407,36,441,0,1,0.678
196,7,20170730_172407,36,519,0,1,0.721
196,8,20170730_172407,36,673,0,1,0.412
196,9,20170730_172407,36,692,0,1,0.709
196,10,20170730_172407,36,875,0,1,0.719
196,11,20170730_172407,36,902,0,1,0.621
196,12,20170730_172407,36,966,0,1,0.72
196,13,20170730_172407,36,985,0,1,0.387
197,1,20170730_172407,77,186,0,0,0.362
197,2,20170730_172407,77,255,0,1,0.705
197,3,20170730_172407,77,314,0,1,0.722
197,4,20170730_172407,77,357,0,0,0.39
197,5,20170730_172407,77,414,0,1,0.712
197,6,20170730_172407,77,447,0,1,0.705
197,7,20170730_172407,77,519,0,1,0.708
197,8,20170730_172407,77,565,0,1,0.688
197,9,20170730_172407,77,611,0,1,0.707
197,10,20170730_172407,77,702,0,1,0.639
197,11,20170730_172407,77,770,0,1,0.62
198,1,20170730_172907,88,45,0,1,0.667
198,2,20170730_172907,88,58,0,1,0.735
198,3,20170730_172907,88,109,0,0,0.473
198,4,20170730_172907,88,121,0,1,0.605
198,5,20170730_172907,88,144,0,0,0.341
198,6,20170730_172907,88,173,0,0,0.483
198,7,20170730_172907,88,215,0,0,0.549
198,8,20170730_172907,88,234,0,1,0.618
198,9,20170730_172907,88,259,0,1,0.635
198,10,20170730_172907,88,315,0,0,0.428
198,11,20170730_172907,88,336,0,0,0.684
198,12,20170730_172907,88,373,0,0,0.614
198,13,20170730_172907,88,391,0,0,0.566
198,14,20170730_172907,88,404,0,0,0.344
198,15,20170730_172907,88,502,0,0,0.677
198,16,20170730_172907,88,526,0,1,0.367
198,17,20170730_172907,88,702,0,1,0.611
198,18,20170730_172907,88,714,0,0,0.349
198,19,20170730_172907,88,786,0,1,0.318
198,20,20170730_172907,88,787,0,1,0.599
198,21,20170730_172907,88,811,0,1,0.628
199,1,20180602_211730,120,97,0,1,0.498
199,2,20180602_211730,120,210,1,1,0.605
199,3,20180602_211730,120,246,0,1,0.354
199,4,20180602_211730,120,246,1,1,0.458
200,1,20180602_212730,102,125,1,1,0.57
200,2,20180602_212730,102,286,1,1,0.576
200,3,20180602_212730,102,392,0,1,0.482
200,4,20180602_212730,102,634,1,1,0.558
200,5,20180602_212730,102,852,1,1,0.541
200,6,20180602_212730,102,882,0,0,0.518
200,7,20180602_212730,102,968,0,0,0.452
201,1,20180602_212730,103,113,1,1,0.536
201,2,20180602_212730,103,220,0,0,0.521
201,3,20180602_212730,103,346,1,1,0.649
202,1,20180607_190213,69,480,0,1,0.667
202,2,20180607_190213,69,527,0,1,0.523
202,3,20180607_190213,69,574,0,1,0.491
202,4,20180607_190213,69,692,0,1,0.546
202,5,20180607_190213,69,702,0,1,0.561
202,6,20180607_190213,69,928,0,1,0.638
203,1,20180607_192214,128,40,0,0,0.315
203,2,20180607_192214,128,72,0,0,0.58
203,3,20180607_192214,128,106,0,0,0.642
203,4,20180607_192214,128,164,0,1,0.624
203,5,20180607_192214,128,196,0,1,0.708
203,6,20180607_192214,128,321,0,0,0.557
203,7,20180607_192214,128,331,0,0,0.419
203,8,20180607_192214,128,341,0,0,0.568
203,9,20180607_192214,128,618,0,0,0.492
203,10,20180607_192214,128,644,0,0,0.43
203,11,20180607_192214,128,659,0,0,0.581
204,1,20180607_192214,140,37,0,0,0.584
204,2,20180607_192214,140,105,0,0,0.569
204,3,20180607_192214,140,434,0,0,0.72
204,4,20180607_192214,140,448,0,0,0.309
204,5,20180607_192214,140,448,0,0,0.705
204,6,20180607_192214,140,552,0,1,0.651
204,7,20180607_192214,140,582,0,0,0.459
204,8,20180607_192214,140,668,0,0,0.449
204,9,20180607_192214,140,785,0,0,0.356
205,1,20180607_192214,26,4,0,0,0.574
205,2,20180607_192214,26,36,1,1,0.591
205,3,20180607_192214,26,219,0,0,0.511
205,4,20180607_192214,26,323,0,0,0.702
205,5,20180607_192214,26,336,0,0,0.654
205,6,20180607_192214,26,355,0,0,0.565
205,7,20180607_192214,26,609,0,0,0.357
205,8,20180607_192214,26,761,0,1,0.632
205,9,20180607_192214,26,775,0,0,0.597
206,1,20180607_192214,60,42,0,0,0.35
206,2,20180607_192214,60,53,0,0,0.346
206,3,20180607_192214,60,104,0,1,0.453
206,4,20180607_192214,60,238,0,1,0.564
206,5,20180607_192214,60,545,0,0,0.615
206,6,20180607_192214,60,555,1,1,0.591
206,7,20180607_192214,60,555,0,1,0.381
206,8,20180607_192214,60,593,0,1,0.403
206,9,20180607_192214,60,593,1,1,0.36
206,10,20180607_192214,60,626,0,1,0.678
206,11,20180607_192214,60,664,0,0,0.532
206,12,20180607_192214,60,673,0,0,0.551
206,13,20180607_192214,60,717,0,1,0.521
207,1,20180607_192714,16,244,0,0,0.726
207,2,20180607_192714,16,264,0,0,0.707
207,3,20180607_192714,16,372,1,1,0.335
207,4,20180607_192714,16,371,0,1,0.611
207,5,20180607_192714,16,707,0,1,0.71
207,6,20180607_192714,16,733,0,0,0.689
207,7,20180607_192714,16,787,0,0,0.481
207,8,20180607_192714,16,792,0,0,0.566
207,9,20180607_192714,16,870,0,0,0.697
207,10,20180607_192714,16,963,0,0,0.591
207,11,20180607_192714,16,977,0,1,0.314
208,1,20180607_192714,70,431,0,1,0.62
208,2,20180607_192714,70,445,0,1,0.458
208,3,20180607_192714,70,445,1,1,0.391
208,4,20180607_192714,70,467,0,1,0.572
208,5,20180607_192714,70,554,0,1,0.479
208,6,20180607_192714,70,612,0,1,0.559
208,7,20180607_192714,70,636,0,1,0.477
208,8,20180607_192714,70,676,0,0,0.577
208,9,20180607_192714,70,723,0,0,0.638
208,10,20180607_192714,70,761,0,0,0.302
208,11,20180607_192714,70,821,0,1,0.432
208,12,20180607_192714,70,837,0,1,0.55
208,13,20180607_192714,70,859,0,1,0.515
208,14,20180607_192714,70,881,0,0,0.665
209,1,20180607_193215,131,58,0,0,0.704
209,2,20180607_193215,131,678,1,1,0.471
209,3,20180607_193215,131,678,0,1,0.378
209,4,20180607_193215,131,705,0,1,0.324
209,5,20180607_193215,131,705,1,1,0.354
209,6,20180607_193215,131,723,0,1,0.492
209,7,20180607_193215,131,723,1,1,0.406
209,8,20180607_193215,131,757,0,1,0.599
210,1,20180607_193215,77,10,0,1,0.627
210,2,20180607_193215,77,23,0,1,0.604
210,3,20180607_193215,77,63,0,0,0.71
210,4,20180607_193215,77,221,0,0,0.438
210,5,20180607_193215,77,404,0,0,0.699
210,6,20180607_193215,77,894,0,1,0.689
210,7,20180607_193215,77,911,1,1,0.386
210,8,20180607_193215,77,911,0,1,0.552
210,9,20180607_193215,77,950,0,1,0.657
211,1,20180607_193215,81,13,0,0,0.654
211,2,20180607_193215,81,24,0,1,0.521
211,3,20180607_193215,81,24,1,1,0.308
211,4,20180607_193215,81,72,0,0,0.671
211,5,20180607_193215,81,137,0,0,0.556
211,6,20180607_193215,81,271,0,0,0.433
211,7,20180607_193215,81,353,0,1,0.589
211,8,20180607_193215,81,390,0,1,0.407
211,9,20180607_193215,81,390,1,1,0.445
211,10,20180607_193215,81,486,0,0,0.356
211,11,20180607_193215,81,506,0,1,0.552
211,12,20180607_193215,81,645,0,0,0.434
211,13,20180607_193215,81,822,0,1,0.539
211,14,20180607_193215,81,987,1,1,0.354
211,15,20180607_193215,81,987,0,1,0.476
212,1,20180607_193715,111,20,0,0,0.648
212,2,20180607_193715,111,37,0,1,0.324
212,3,20180607_193715,111,72,1,1,0.37
212,4,20180607_193715,111,72,0,1,0.459
212,5,20180607_193715,111,146,0,1,0.426
212,6,20180607_193715,111,381,0,1,0.327
212,7,20180607_193715,111,423,0,1,0.477
212,8,20180607_193715,111,837,0,0,0.428
213,1,20180607_194215,125,111,0,1,0.691
213,2,20180607_194215,125,132,0,1,0.656
213,3,20180607_194215,125,152,0,1,0.593
213,4,20180607_194215,125,180,0,1,0.623
213,5,20180607_194215,125,188,0,1,0.49
213,6,20180607_194215,125,225,0,0,0.66
213,7,20180607_194215,125,275,0,1,0.638
213,8,20180607_194215,125,315,0,1,0.657
213,9,20180607_194215,125,357,0,0,0.597
213,10,20180607_194215,125,378,0,1,0.654
214,1,20180607_194215,134,11,0,1,0.689
214,2,20180607_194215,134,54,0,1,0.594
214,3,20180607_194215,134,289,0,1,0.45
214,4,20180607_194215,134,324,0,1,0.338
214,5,20180607_194215,134,357,0,1,0.443
214,6,20180607_194215,134,376,0,1,0.646
214,7,20180607_194215,134,733,0,0,0.694
214,8,20180607_194215,134,736,0,0,0.328
214,9,20180607_194215,134,778,0,0,0.633
214,10,20180607_194215,134,866,0,0,0.598
215,1,20180607_194215,43,576,1,1,0.557
215,2,20180607_194215,43,598,0,1,0.575
215,3,20180607_194215,43,606,0,1,0.313
215,4,20180607_194215,43,606,1,1,0.56
215,5,20180607_194215,43,654,0,1,0.599
215,6,20180607_194215,43,774,0,0,0.7
215,7,20180607_194215,43,816,0,0,0.619
216,1,20180607_194215,59,386,1,1,0.464
216,2,20180607_194215,59,477,0,0,0.496
216,3,20180607_194215,59,554,0,0,0.398
216,4,20180607_194215,59,582,1,1,0.722
216,5,20180607_194215,59,624,0,1,0.502
216,6,20180607_194215,59,642,0,0,0.4
216,7,20180607_194215,59,662,0,1,0.61
216,8,20180607_194215,59,780,0,0,0.669
216,9,20180607_194215,59,797,0,0,0.513
216,10,20180607_194215,59,848,0,0,0.675
216,11,20180607_194215,59,967,0,1,0.637
216,12,20180607_194215,59,991,1,1,0.305
216,13,20180607_194215,59,990,0,1,0.384
217,1,20180607_194215,68,61,0,0,0.538
217,2,20180607_194215,68,186,0,0,0.623
217,3,20180607_194215,68,291,0,0,0.629
217,4,20180607_194215,68,370,0,1,0.368
217,5,20180607_194215,68,403,0,0,0.341
217,6,20180607_194215,68,416,0,0,0.475
217,7,20180607_194215,68,460,0,0,0.532
217,8,20180607_194215,68,496,0,1,0.39
217,9,20180607_194215,68,549,0,1,0.436
217,10,20180607_194215,68,549,1,1,0.448
217,11,20180607_194215,68,930,0,0,0.569
217,12,20180607_194215,68,981,0,1,0.642
218,1,20180607_195716,91,13,0,1,0.555
218,2,20180607_195716,91,25,0,0,0.418
218,3,20180607_195716,91,93,0,0,0.319
218,4,20180607_195716,91,236,0,1,0.414
218,5,20180607_195716,91,251,0,0,0.344
218,6,20180607_195716,91,257,0,1,0.561
218,7,20180607_195716,91,365,0,1,0.707
218,8,20180607_195716,91,403,0,1,0.679
218,9,20180607_195716,91,460,0,0,0.516
218,10,20180607_195716,91,527,0,0,0.555
218,11,20180607_195716,91,928,0,0,0.732
218,12,20180607_195716,91,940,0,1,0.719
