image,event,date,second,milisecond,tweek,f_min<2kHz
1,1,20150902_230932,93,128,0,1
1,2,20150902_230932,93,271,0,0
1,3,20150902_230932,93,350,0,1
1,4,20150902_230932,93,690,0,0
1,5,20150902_230932,93,742,0,0
1,6,20150902_230932,93,752,1,1
1,7,20150902_230932,93,775,1,1
1,8,20150902_230932,93,796,0,0
1,9,20150902_230932,93,908,0,1
2,1,20150902_231433,44,136,0,0
2,2,20150902_231433,44,241,0,0
2,3,20150902_231433,44,283,0,0
2,4,20150902_231433,44,543,0,0
2,5,20150902_231433,44,673,0,0
2,6,20150902_231433,44,716,1,1
2,7,20150902_231433,44,738,0,1
2,8,20150902_231433,44,747,0,1
2,9,20150902_231433,44,757,0,1
2,10,20150902_231433,44,781,0,0
2,11,20150902_231433,44,806,0,1
2,12,20150902_231433,44,842,0,0
2,13,20150902_231433,44,869,0,1
2,14,20150902_231433,44,901,0,1
2,15,20150902_231433,44,969,0,0
3,1,20150902_231433,47,189,0,0
3,2,20150902_231433,47,208,1,1
3,3,20150902_231433,47,462,0,1
3,4,20150902_231433,47,663,0,0
4,1,20150902_231433,63,6,1,1
4,2,20150902_231433,63,57,0,1
4,3,20150902_231433,63,90,1,1
4,4,20150902_231433,63,122,0,0
4,5,20150902_231433,63,129,0,0
4,6,20150902_231433,63,166,1,1
4,7,20150902_231433,63,291,1,1
4,8,20150902_231433,63,379,1,1
4,9,20150902_231433,63,508,1,1
4,10,20150902_231433,63,579,0,0
4,11,20150902_231433,63,621,0,0
4,12,20150902_231433,63,868,0,0
4,13,20150902_231433,63,992,0,0
5,1,20150902_231433,78,216,0,1
5,2,20150902_231433,78,277,0,1
5,3,20150902_231433,78,464,0,1
5,4,20150902_231433,78,550,0,0
5,5,20150902_231433,78,612,1,1
5,6,20150902_231433,78,664,1,1
5,7,20150902_231433,78,692,1,1
5,8,20150902_231433,78,767,1,1
5,9,20150902_231433,78,804,0,1
6,1,20150902_231433,90,25,1,1
6,2,20150902_231433,90,126,0,1
6,3,20150902_231433,90,132,1,1
6,4,20150902_231433,90,186,0,1
6,5,20150902_231433,90,269,1,1
6,6,20150902_231433,90,277,0,0
6,7,20150902_231433,90,368,1,1
6,8,20150902_231433,90,431,1,1
6,9,20150902_231433,90,493,1,0
6,10,20150902_231433,90,674,0,1
6,11,20150902_231433,90,686,0,0
6,12,20150902_231433,90,857,0,0
7,1,20150902_231433,109,49,0,0
7,2,20150902_231433,109,156,0,1
7,3,20150902_231433,109,206,0,0
7,4,20150902_231433,109,220,0,0
7,5,20150902_231433,109,293,0,0
7,6,20150902_231433,109,388,0,0
7,7,20150902_231433,109,428,0,1
7,8,20150902_231433,109,447,0,0
7,9,20150902_231433,109,503,0,1
7,10,20150902_231433,109,529,1,1
7,11,20150902_231433,109,543,1,0
7,12,20150902_231433,109,574,0,0
7,13,20150902_231433,109,596,1,1
7,14,20150902_231433,109,612,1,1
7,15,20150902_231433,109,626,0,0
7,16,20150902_231433,109,726,0,0
7,17,20150902_231433,109,841,0,0
7,18,20150902_231433,109,849,1,1
7,19,20150902_231433,109,863,0,1
7,20,20150902_231433,109,871,0,0
7,21,20150902_231433,109,904,1,1
7,22,20150902_231433,109,965,1,1
8,1,20150902_231933,5,69,0,0
8,2,20150902_231933,5,241,0,1
8,3,20150902_231933,5,581,0,1
8,4,20150902_231933,5,652,0,1
8,5,20150902_231933,5,706,1,1
8,6,20150902_231933,5,748,0,1
9,1,20150902_231933,61,176,1,1
9,2,20150902_231933,61,194,1,1
9,3,20150902_231933,61,212,1,1
9,4,20150902_231933,61,241,1,1
9,5,20150902_231933,61,259,1,1
9,6,20150902_231933,61,267,0,1
9,7,20150902_231933,61,281,0,1
9,8,20150902_231933,61,303,0,1
9,9,20150902_231933,61,327,0,1
9,10,20150902_231933,61,574,0,0
10,1,20150902_231933,80,22,0,1
10,2,20150902_231933,80,143,0,0
10,3,20150902_231933,80,298,0,1
10,4,20150902_231933,80,379,0,1
10,5,20150902_231933,80,477,0,1
10,6,20150902_231933,80,495,1,1
10,7,20150902_231933,80,651,0,1
10,8,20150902_231933,80,730,0,0
10,9,20150902_231933,80,778,0,1
10,10,20150902_231933,80,830,0,1
10,11,20150902_231933,80,854,0,1
10,12,20150902_231933,80,865,0,1
10,13,20150902_231933,80,875,0,1
11,1,20150902_231933,102,97,1,1
11,2,20150902_231933,102,129,1,1
11,3,20150902_231933,102,153,0,0
11,4,20150902_231933,102,190,1,1
11,5,20150902_231933,102,244,0,1
11,6,20150902_231933,102,417,0,0
11,7,20150902_231933,102,786,0,1
11,8,20150902_231933,102,813,0,1
11,9,20150902_231933,102,864,0,1
11,10,20150902_231933,102,967,0,1
12,1,20150902_231933,105,182,0,0
12,2,20150902_231933,105,210,1,1
12,3,20150902_231933,105,228,1,1
12,4,20150902_231933,105,239,0,0
12,5,20150902_231933,105,274,0,1
12,6,20150902_231933,105,312,0,1
12,7,20150902_231933,105,408,0,1
12,8,20150902_231933,105,417,0,1
12,9,20150902_231933,105,426,0,1
12,10,20150902_231933,105,474,0,0
12,11,20150902_231933,105,497,0,0
12,12,20150902_231933,105,516,0,1
12,13,20150902_231933,105,575,0,0
12,14,20150902_231933,105,590,0,1
13,1,20150902_232433,5,114,0,1
13,2,20150902_232433,5,328,0,1
13,3,20150902_232433,5,359,0,1
13,4,20150902_232433,5,371,0,0
13,5,20150902_232433,5,397,1,1
13,6,20150902_232433,5,429,0,1
13,7,20150902_232433,5,462,0,0
13,8,20150902_232433,5,472,1,1
13,9,20150902_232433,5,512,0,1
13,10,20150902_232433,5,560,0,1
13,11,20150902_232433,5,614,0,1
13,12,20150902_232433,5,655,0,1
13,13,20150902_232433,5,675,0,1
13,14,20150902_232433,5,709,0,1
13,15,20150902_232433,5,723,0,1
13,16,20150902_232433,5,795,0,1
13,17,20150902_232433,5,890,0,1
14,1,20150902_232433,44,31,0,0
14,2,20150902_232433,44,37,1,1
14,3,20150902_232433,44,56,1,1
14,4,20150902_232433,44,68,1,0
14,5,20150902_232433,44,89,1,1
14,6,20150902_232433,44,112,1,1
14,7,20150902_232433,44,118,0,0
14,8,20150902_232433,44,141,1,1
14,9,20150902_232433,44,167,0,0
14,10,20150902_232433,44,198,1,1
14,11,20150902_232433,44,205,1,1
14,12,20150902_232433,44,220,0,1
14,13,20150902_232433,44,287,0,0
14,14,20150902_232433,44,300,0,0
14,15,20150902_232433,44,338,1,1
14,16,20150902_232433,44,367,0,0
14,17,20150902_232433,44,395,1,1
14,18,20150902_232433,44,414,1,1
14,19,20150902_232433,44,445,0,0
14,20,20150902_232433,44,569,0,1
14,21,20150902_232433,44,989,0,0
14,22,20150902_232433,44,995,0,0
15,1,20150902_232433,52,5,0,1
15,2,20150902_232433,52,109,0,0
15,3,20150902_232433,52,215,0,0
15,4,20150902_232433,52,284,0,0
15,5,20150902_232433,52,301,0,1
15,6,20150902_232433,52,319,0,0
15,7,20150902_232433,52,438,1,1
15,8,20150902_232433,52,477,1,1
15,9,20150902_232433,52,509,0,1
15,10,20150902_232433,52,589,1,1
15,11,20150902_232433,52,607,0,0
15,12,20150902_232433,52,643,0,1
15,13,20150902_232433,52,700,0,1
15,14,20150902_232433,52,741,0,1
15,15,20150902_232433,52,770,0,1
16,1,20150902_232433,116,61,1,1
16,2,20150902_232433,116,89,0,0
16,3,20150902_232433,116,256,0,0
16,4,20150902_232433,116,287,1,1
16,5,20150902_232433,116,405,0,0
16,6,20150902_232433,116,586,0,1
16,7,20150902_232433,116,671,1,1
16,8,20150902_232433,116,804,0,0
16,9,20150902_232433,116,818,0,0
16,10,20150902_232433,116,860,1,1
16,11,20150902_232433,116,897,0,0
16,12,20150902_232433,116,911,0,0
16,13,20150902_232433,116,974,1,1
17,1,20150902_232933,26,97,0,0
17,2,20150902_232933,26,208,0,0
17,3,20150902_232933,26,281,0,0
17,4,20150902_232933,26,290,0,0
17,5,20150902_232933,26,303,0,0
17,6,20150902_232933,26,352,0,1
17,7,20150902_232933,26,387,0,1
17,8,20150902_232933,26,432,0,1
17,9,20150902_232933,26,449,0,0
17,10,20150902_232933,26,487,0,1
17,11,20150902_232933,26,523,0,1
17,12,20150902_232933,26,576,0,1
17,13,20150902_232933,26,597,0,1
17,14,20150902_232933,26,675,0,0
17,15,20150902_232933,26,721,0,0
17,16,20150902_232933,26,755,0,1
17,17,20150902_232933,26,876,0,0
17,18,20150902_232933,26,890,1,1
17,19,20150902_232933,26,916,0,1
17,20,20150902_232933,26,935,0,1
17,21,20150902_232933,26,963,0,1
18,1,20150902_232933,58,85,0,0
18,2,20150902_232933,58,291,0,0
18,3,20150902_232933,58,305,0,0
18,4,20150902_232933,58,323,0,1
18,5,20150902_232933,58,346,0,0
18,6,20150902_232933,58,569,1,1
18,7,20150902_232933,58,585,0,1
18,8,20150902_232933,58,593,0,1
18,9,20150902_232933,58,608,1,1
18,10,20150902_232933,58,625,0,1
18,11,20150902_232933,58,639,0,1
18,12,20150902_232933,58,655,0,0
18,13,20150902_232933,58,724,0,1
18,14,20150902_232933,58,784,0,1
18,15,20150902_232933,58,856,0,1
18,16,20150902_232933,58,872,0,1
18,17,20150902_232933,58,911,0,0
18,18,20150902_232933,58,922,0,1
18,19,20150902_232933,58,949,0,1
18,20,20150902_232933,58,969,0,1
18,21,20150902_232933,58,985,0,1
19,1,20150902_232933,68,47,0,0
19,2,20150902_232933,68,120,0,1
19,3,20150902_232933,68,194,0,1
19,4,20150902_232933,68,258,0,0
19,5,20150902_232933,68,289,0,0
19,6,20150902_232933,68,338,1,1
19,7,20150902_232933,68,426,0,0
19,8,20150902_232933,68,462,0,0
19,9,20150902_232933,68,495,0,0
19,10,20150902_232933,68,552,0,0
19,11,20150902_232933,68,575,0,0
19,12,20150902_232933,68,604,0,1
19,13,20150902_232933,68,739,0,0
19,14,20150902_232933,68,878,0,0
19,15,20150902_232933,68,982,0,0
20,1,20150902_233434,24,424,1,1
20,2,20150902_233434,24,635,1,1
20,3,20150902_233434,24,733,1,1
20,4,20150902_233434,24,741,1,1
20,5,20150902_233434,24,774,0,1
20,6,20150902_233434,24,805,1,1
20,7,20150902_233434,24,837,1,1
20,8,20150902_233434,24,890,1,1
21,1,20150902_233434,66,75,0,0
21,2,20150902_233434,66,102,0,0
21,3,20150902_233434,66,118,1,1
21,4,20150902_233434,66,140,0,1
21,5,20150902_233434,66,151,0,1
21,6,20150902_233434,66,162,0,0
21,7,20150902_233434,66,180,0,0
21,8,20150902_233434,66,191,0,0
21,9,20150902_233434,66,224,0,1
21,10,20150902_233434,66,249,0,0
21,11,20150902_233434,66,272,0,0
21,12,20150902_233434,66,287,0,1
21,13,20150902_233434,66,321,0,0
21,14,20150902_233434,66,338,0,1
21,15,20150902_233434,66,379,0,0
21,16,20150902_233434,66,516,0,0
21,17,20150902_233434,66,738,0,0
22,1,20150902_233434,79,305,1,1
22,2,20150902_233434,79,342,0,1
22,3,20150902_233434,79,382,1,1
22,4,20150902_233434,79,680,1,1
22,5,20150902_233434,79,732,0,0
22,6,20150902_233434,79,753,0,0
23,1,20150902_233934,140,192,0,1
23,2,20150902_233934,140,265,1,1
23,3,20150902_233934,140,356,1,1
23,4,20150902_233934,140,405,0,1
23,5,20150902_233934,140,414,0,0
23,6,20150902_233934,140,523,0,1
23,7,20150902_233934,140,533,0,1
23,8,20150902_233934,140,602,1,1
23,9,20150902_233934,140,657,0,1
23,10,20150902_233934,140,681,0,0
23,11,20150902_233934,140,701,0,1
23,12,20150902_233934,140,716,1,1
23,13,20150902_233934,140,723,1,1
23,14,20150902_233934,140,746,0,1
23,15,20150902_233934,140,764,0,0
23,16,20150902_233934,140,781,0,0
23,17,20150902_233934,140,788,0,1
23,18,20150902_233934,140,794,0,0
23,19,20150902_233934,140,821,1,1
23,20,20150902_233934,140,860,0,0
23,21,20150902_233934,140,871,0,1
23,22,20150902_233934,140,895,0,0
23,23,20150902_233934,140,904,0,0
23,24,20150902_233934,140,913,0,0
23,25,20150902_233934,140,922,0,0
23,26,20150902_233934,140,969,1,0
24,1,20150902_234434,8,3,1,1
24,2,20150902_234434,8,16,0,1
24,3,20150902_234434,8,42,0,1
24,4,20150902_234434,8,80,0,1
24,5,20150902_234434,8,282,0,1
24,6,20150902_234434,8,318,1,1
24,7,20150902_234434,8,502,0,1
24,8,20150902_234434,8,687,1,1
25,1,20150902_234934,8,27,1,1
25,2,20150902_234934,8,127,0,1
25,3,20150902_234934,8,265,0,1
25,4,20150902_234934,8,365,0,1
25,5,20150902_234934,8,562,0,1
25,6,20150902_234934,8,581,0,1
25,7,20150902_234934,8,856,1,1
25,8,20150902_234934,8,881,0,1
25,9,20150902_234934,8,937,1,1
25,10,20150902_234934,8,962,0,1
26,1,20150907_142436,43,59,0,0
26,2,20150907_142436,43,120,0,0
26,3,20150907_142436,43,265,0,0
26,4,20150907_142436,43,355,0,0
26,5,20150907_142436,43,947,0,0
27,1,20150907_142436,54,137,0,0
27,2,20150907_142436,54,146,0,0
27,3,20150907_142436,54,162,0,0
27,4,20150907_142436,54,189,0,0
27,5,20150907_142436,54,200,0,0
27,6,20150907_142436,54,208,0,0
27,7,20150907_142436,54,298,0,0
27,8,20150907_142436,54,344,0,0
27,9,20150907_142436,54,388,0,0
27,10,20150907_142436,54,399,0,0
27,11,20150907_142436,54,966,0,0
28,1,20150907_142436,57,297,0,0
28,2,20150907_142436,57,305,0,0
28,3,20150907_142436,57,360,0,0
28,4,20150907_142436,57,582,0,0
28,5,20150907_142436,57,649,0,0
29,1,20150907_142936,61,10,0,0
29,2,20150907_142936,61,58,0,0
29,3,20150907_142936,61,85,0,0
29,4,20150907_142936,61,122,0,0
29,5,20150907_142936,61,230,0,0
29,6,20150907_142936,61,716,0,1
29,7,20150907_142936,61,749,0,0
29,8,20150907_142936,61,775,0,0
29,9,20150907_142936,61,828,0,0
29,10,20150907_142936,61,878,0,0
30,1,20150907_142936,135,68,0,0
30,2,20150907_142936,135,132,0,0
30,3,20150907_142936,135,142,0,0
30,4,20150907_142936,135,153,0,0
30,5,20150907_142936,135,164,0,0
30,6,20150907_142936,135,182,0,0
30,7,20150907_142936,135,331,0,0
30,8,20150907_142936,135,477,0,0
30,9,20150907_142936,135,677,0,0
31,1,20150907_144437,68,155,0,0
31,2,20150907_144437,68,379,0,0
31,3,20150907_144437,68,391,0,0
31,4,20150907_144437,68,397,0,0
31,5,20150907_144437,68,409,0,0
31,6,20150907_144437,68,466,0,0
31,7,20150907_144437,68,966,0,0
31,8,20150907_144437,68,981,0,0
31,9,20150907_144437,68,991,0,0
32,1,20150907_144437,132,300,0,0
32,2,20150907_144437,132,319,0,0
32,3,20150907_144437,132,346,0,0
32,4,20150907_144437,132,420,0,0
32,5,20150907_144437,132,530,0,0
32,6,20150907_144437,132,582,0,0
32,7,20150907_144437,132,664,0,0
32,8,20150907_144437,132,717,0,0
32,9,20150907_144437,132,755,0,0
33,1,20150907_144937,58,24,0,0
33,2,20150907_144937,58,61,0,0
33,3,20150907_144937,58,210,0,0
33,4,20150907_144937,58,261,0,0
33,5,20150907_144937,58,279,0,0
33,6,20150907_144937,58,291,0,0
33,7,20150907_144937,58,305,0,0
33,8,20150907_144937,58,356,0,0
33,9,20150907_144937,58,379,0,0
33,10,20150907_144937,58,394,0,0
33,11,20150907_144937,58,438,0,0
33,12,20150907_144937,58,493,0,0
33,13,20150907_144937,58,554,0,0
33,14,20150907_144937,58,602,0,0
33,15,20150907_144937,58,760,0,0
33,16,20150907_144937,58,811,0,0
33,17,20150907_144937,58,857,0,0
33,18,20150907_144937,58,898,0,0
33,19,20150907_144937,58,913,0,0
33,20,20150907_144937,58,973,0,0
34,1,20150907_145437,1,50,0,0
34,2,20150907_145437,1,88,0,0
34,3,20150907_145437,1,111,0,0
34,4,20150907_145437,1,170,0,0
34,5,20150907_145437,1,185,0,0
34,6,20150907_145437,1,243,0,0
34,7,20150907_145437,1,291,0,0
34,8,20150907_145437,1,316,0,0
34,9,20150907_145437,1,327,0,0
34,10,20150907_145437,1,341,0,0
34,11,20150907_145437,1,356,0,0
34,12,20150907_145437,1,365,0,0
34,13,20150907_145437,1,455,0,0
34,14,20150907_145437,1,460,0,0
34,15,20150907_145437,1,564,0,0
34,16,20150907_145437,1,577,0,0
34,17,20150907_145437,1,676,0,0
34,18,20150907_145437,1,707,0,0
34,19,20150907_145437,1,760,0,0
34,20,20150907_145437,1,787,0,0
34,21,20150907_145437,1,848,0,0
35,1,20150907_145437,86,8,0,0
35,2,20150907_145437,86,20,0,0
35,3,20150907_145437,86,127,0,0
35,4,20150907_145437,86,144,0,0
35,5,20150907_145437,86,164,0,0
35,6,20150907_145437,86,188,0,0
35,7,20150907_145437,86,272,0,0
35,8,20150907_145437,86,419,0,0
35,9,20150907_145437,86,460,0,0
35,10,20150907_145437,86,732,0,0
35,11,20150907_145437,86,900,0,0
35,12,20150907_145437,86,924,0,0
35,13,20150907_145437,86,953,0,0
35,14,20150907_145437,86,960,0,0
36,1,20150907_145437,104,135,0,0
36,2,20150907_145437,104,355,0,0
36,3,20150907_145437,104,612,0,0
36,4,20150907_145437,104,659,0,0
36,5,20150907_145437,104,709,0,0
36,6,20150907_145437,104,771,0,0
36,7,20150907_145437,104,811,0,0
36,8,20150907_145437,104,830,0,0
36,9,20150907_145437,104,844,0,0
37,1,20150907_145938,46,93,0,0
37,2,20150907_145938,46,187,0,0
37,3,20150907_145938,46,210,0,0
37,4,20150907_145938,46,258,0,0
37,5,20150907_145938,46,272,0,0
37,6,20150907_145938,46,297,0,0
37,7,20150907_145938,46,308,0,0
37,8,20150907_145938,46,358,0,0
37,9,20150907_145938,46,476,0,0
37,10,20150907_145938,46,512,0,0
37,11,20150907_145938,46,693,0,0
37,12,20150907_145938,46,719,0,0
37,13,20150907_145938,46,749,0,0
38,1,20150907_145938,82,72,0,0
38,2,20150907_145938,82,163,0,0
38,3,20150907_145938,82,275,0,0
38,4,20150907_145938,82,294,0,0
38,5,20150907_145938,82,360,0,0
38,6,20150907_145938,82,383,0,1
38,7,20150907_145938,82,472,0,0
38,8,20150907_145938,82,484,0,0
38,9,20150907_145938,82,638,0,0
38,10,20150907_145938,82,747,0,0
38,11,20150907_145938,82,966,0,0
39,1,20150907_145938,119,70,0,0
39,2,20150907_145938,119,244,0,0
39,3,20150907_145938,119,255,0,0
39,4,20150907_145938,119,300,0,1
39,5,20150907_145938,119,436,0,0
39,6,20150907_145938,119,506,0,0
39,7,20150907_145938,119,704,0,0
39,8,20150907_145938,119,757,0,0
39,9,20150907_145938,119,774,0,0
39,10,20150907_145938,119,793,0,0
39,11,20150907_145938,119,830,0,0
39,12,20150907_145938,119,874,0,0
40,1,20150907_150438,61,31,0,0
40,2,20150907_150438,61,44,0,0
40,3,20150907_150438,61,50,0,0
40,4,20150907_150438,61,61,0,0
40,5,20150907_150438,61,80,0,0
40,6,20150907_150438,61,153,0,0
40,7,20150907_150438,61,173,0,0
40,8,20150907_150438,61,531,0,0
40,9,20150907_150438,61,628,0,0
40,10,20150907_150438,61,634,0,0
40,11,20150907_150438,61,728,0,0
40,12,20150907_150438,61,874,0,0
41,1,20150907_150938,140,16,0,0
41,2,20150907_150938,140,32,0,0
41,3,20150907_150938,140,49,0,0
41,4,20150907_150938,140,64,0,0
41,5,20150907_150938,140,145,0,0
41,6,20150907_150938,140,185,0,0
41,7,20150907_150938,140,204,0,0
41,8,20150907_150938,140,231,0,0
41,9,20150907_150938,140,242,0,0
41,10,20150907_150938,140,260,0,0
41,11,20150907_150938,140,288,0,0
41,12,20150907_150938,140,298,0,0
41,13,20150907_150938,140,357,0,0
41,14,20150907_150938,140,378,0,0
41,15,20150907_150938,140,434,0,0
41,16,20150907_150938,140,463,0,0
41,17,20150907_150938,140,500,0,0
41,18,20150907_150938,140,554,0,0
41,19,20150907_150938,140,629,0,0
41,20,20150907_150938,140,675,0,0
41,21,20150907_150938,140,723,0,0
41,22,20150907_150938,140,772,0,0
41,23,20150907_150938,140,814,0,0
41,24,20150907_150938,140,830,0,0
41,25,20150907_150938,140,845,0,0
42,1,20150914_125211,12,252,0,0
42,2,20150914_125211,12,258,0,1
42,3,20150914_125211,12,271,0,1
42,4,20150914_125211,12,291,0,1
42,5,20150914_125211,12,331,0,0
42,6,20150914_125211,12,342,0,0
43,1,20150914_130211,4,110,0,0
43,2,20150914_130211,4,154,0,0
43,3,20150914_130211,4,161,0,1
43,4,20150914_130211,4,170,0,1
43,5,20150914_130211,4,184,0,0
43,6,20150914_130211,4,196,0,0
43,7,20150914_130211,4,274,0,0
43,8,20150914_130211,4,300,0,0
43,9,20150914_130211,4,333,0,0
43,10,20150914_130211,4,342,0,0
43,11,20150914_130211,4,354,0,0
43,12,20150914_130211,4,367,0,0
43,13,20150914_130211,4,433,0,0
43,14,20150914_130211,4,457,0,0
43,15,20150914_130211,4,486,0,0
43,16,20150914_130211,4,605,0,0
43,17,20150914_130211,4,633,0,0
43,18,20150914_130211,4,645,0,0
43,19,20150914_130211,4,859,0,0
43,20,20150914_130211,4,873,0,0
43,21,20150914_130211,4,918,0,0
44,1,20150914_130211,23,68,0,0
44,2,20150914_130211,23,238,0,0
44,3,20150914_130211,23,273,0,0
44,4,20150914_130211,23,299,0,0
44,5,20150914_130211,23,306,0,0
44,6,20150914_130211,23,330,0,0
44,7,20150914_130211,23,388,1,1
44,8,20150914_130211,23,402,1,1
44,9,20150914_130211,23,414,0,0
44,10,20150914_130211,23,464,0,0
44,11,20150914_130211,23,475,0,0
44,12,20150914_130211,23,498,0,0
44,13,20150914_130211,23,534,0,0
44,14,20150914_130211,23,583,0,0
44,15,20150914_130211,23,638,0,0
44,16,20150914_130211,23,639,0,0
44,17,20150914_130211,23,653,0,0
44,18,20150914_130211,23,663,0,0
44,19,20150914_130211,23,688,0,0
44,20,20150914_130211,23,708,0,0
44,21,20150914_130211,23,724,0,0
44,22,20150914_130211,23,742,0,0
44,23,20150914_130211,23,777,0,0
44,24,20150914_130211,23,801,0,0
44,25,20150914_130211,23,821,0,0
44,26,20150914_130211,23,870,0,0
44,27,20150914_130211,23,945,1,0
44,28,20150914_130211,23,965,0,0
45,1,20150914_130211,31,22,0,0
45,2,20150914_130211,31,83,0,0
45,3,20150914_130211,31,168,0,0
45,4,20150914_130211,31,182,0,0
45,5,20150914_130211,31,289,0,0
45,6,20150914_130211,31,400,0,0
45,7,20150914_130211,31,464,0,0
45,8,20150914_130211,31,469,0,0
45,9,20150914_130211,31,486,0,0
45,10,20150914_130211,31,503,0,0
45,11,20150914_130211,31,520,0,0
45,12,20150914_130211,31,533,0,0
45,13,20150914_130211,31,543,0,0
45,14,20150914_130211,31,637,0,0
45,15,20150914_130211,31,846,0,0
45,16,20150914_130211,31,887,0,0
45,17,20150914_130211,31,925,0,1
45,18,20150914_130211,31,952,0,0
46,1,20150914_130211,44,101,0,1
46,2,20150914_130211,44,112,0,1
46,3,20150914_130211,44,128,0,1
46,4,20150914_130211,44,151,0,0
46,5,20150914_130211,44,220,0,0
46,6,20150914_130211,44,252,0,1
46,7,20150914_130211,44,426,0,1
46,8,20150914_130211,44,450,0,1
46,9,20150914_130211,44,469,0,1
46,10,20150914_130211,44,486,0,1
46,11,20150914_130211,44,524,0,1
46,12,20150914_130211,44,533,0,0
46,13,20150914_130211,44,560,0,0
47,1,20150914_131712,89,24,0,1
47,2,20150914_131712,89,34,0,0
47,3,20150914_131712,89,182,0,0
47,4,20150914_131712,89,211,0,0
47,5,20150914_131712,89,388,0,1
47,6,20150914_131712,89,425,0,1
47,7,20150914_131712,89,452,0,0
47,8,20150914_131712,89,460,0,0
47,9,20150914_131712,89,627,0,0
47,10,20150914_131712,89,642,0,0
47,11,20150914_131712,89,659,0,0
47,12,20150914_131712,89,739,0,0
47,13,20150914_131712,89,748,0,0
47,14,20150914_131712,89,787,0,0
47,15,20150914_131712,89,818,0,0
47,16,20150914_131712,89,865,0,0
47,17,20150914_131712,89,880,0,0
47,18,20150914_131712,89,930,0,0
47,19,20150914_131712,89,937,0,0
47,20,20150914_131712,89,981,0,0
48,1,20150914_132212,38,34,0,0
48,2,20150914_132212,38,75,0,0
48,3,20150914_132212,38,85,0,0
48,4,20150914_132212,38,217,0,0
48,5,20150914_132212,38,234,0,0
48,6,20150914_132212,38,332,0,0
48,7,20150914_132212,38,405,0,0
48,8,20150914_132212,38,456,0,0
48,9,20150914_132212,38,502,0,0
48,10,20150914_132212,38,509,0,0
48,11,20150914_132212,38,522,0,0
48,12,20150914_132212,38,536,0,0
48,13,20150914_132212,38,605,0,0
48,14,20150914_132212,38,661,0,0
48,15,20150914_132212,38,677,0,0
48,16,20150914_132212,38,744,0,0
48,17,20150914_132212,38,753,0,0
48,18,20150914_132212,38,821,0,0
48,19,20150914_132212,38,829,0,0
48,20,20150914_132212,38,859,0,0
48,21,20150914_132212,38,873,0,0
48,22,20150914_132212,38,919,0,0
48,23,20150914_132212,38,976,0,0
48,24,20150914_132212,38,982,0,1
48,25,20150914_132212,38,992,0,0
49,1,20150914_132212,72,101,0,0
49,2,20150914_132212,72,110,0,0
49,3,20150914_132212,72,240,0,0
49,4,20150914_132212,72,287,0,0
49,5,20150914_132212,72,319,0,0
49,6,20150914_132212,72,349,0,0
49,7,20150914_132212,72,415,0,0
49,8,20150914_132212,72,479,0,0
49,9,20150914_132212,72,505,0,0
49,10,20150914_132212,72,533,0,0
49,11,20150914_132212,72,571,0,0
49,12,20150914_132212,72,615,0,0
49,13,20150914_132212,72,642,0,0
49,14,20150914_132212,72,707,0,0
49,15,20150914_132212,72,779,0,0
49,16,20150914_132212,72,810,0,0
49,17,20150914_132212,72,861,0,0
49,18,20150914_132212,72,892,0,0
49,19,20150914_132212,72,975,0,0
49,20,20150914_132212,72,982,0,0
50,1,20150914_132212,133,87,0,0
50,2,20150914_132212,133,164,0,1
50,3,20150914_132212,133,303,0,1
50,4,20150914_132212,133,353,0,1
50,5,20150914_132212,133,405,0,0
50,6,20150914_132212,133,597,0,0
50,7,20150914_132212,133,603,0,0
50,8,20150914_132212,133,995,0,0
51,1,20150914_132712,8,48,0,0
51,2,20150914_132712,8,91,0,1
51,3,20150914_132712,8,97,0,0
51,4,20150914_132712,8,104,0,1
51,5,20150914_132712,8,136,0,0
51,6,20150914_132712,8,381,0,0
51,7,20150914_132712,8,464,0,0
51,8,20150914_132712,8,552,0,0
51,9,20150914_132712,8,697,0,0
51,10,20150914_132712,8,804,0,0
51,11,20150914_132712,8,884,0,0
51,12,20150914_132712,8,935,0,0
52,1,20150914_132712,87,209,0,0
52,2,20150914_132712,87,588,0,0
52,3,20150914_132712,87,650,0,0
52,4,20150914_132712,87,655,0,0
52,5,20150914_132712,87,685,0,0
52,6,20150914_132712,87,692,0,0
52,7,20150914_132712,87,702,0,0
52,8,20150914_132712,87,733,1,1
52,9,20150914_132712,87,898,0,0
53,1,20150914_133213,29,201,0,0
53,2,20150914_133213,29,215,0,0
53,3,20150914_133213,29,231,0,0
53,4,20150914_133213,29,419,0,1
53,5,20150914_133213,29,470,0,0
53,6,20150914_133213,29,671,0,0
53,7,20150914_133213,29,693,0,0
53,8,20150914_133213,29,731,0,0
54,1,20150915_184833,98,5,0,0
54,2,20150915_184833,98,23,0,0
54,3,20150915_184833,98,29,0,0
54,4,20150915_184833,98,127,0,0
54,5,20150915_184833,98,151,0,0
54,6,20150915_184833,98,258,0,0
54,7,20150915_184833,98,341,0,0
54,8,20150915_184833,98,390,0,0
54,9,20150915_184833,98,438,0,0
54,10,20150915_184833,98,466,0,0
54,11,20150915_184833,98,484,0,0
54,12,20150915_184833,98,545,0,0
54,13,20150915_184833,98,634,0,0
54,14,20150915_184833,98,654,0,0
54,15,20150915_184833,98,696,0,0
54,16,20150915_184833,98,733,0,0
54,17,20150915_184833,98,770,0,0
54,18,20150915_184833,98,829,0,0
55,1,20150915_184833,117,39,0,0
55,2,20150915_184833,117,83,0,0
55,3,20150915_184833,117,179,0,0
55,4,20150915_184833,117,365,0,0
55,5,20150915_184833,117,404,0,0
55,6,20150915_184833,117,469,0,1
55,7,20150915_184833,117,514,1,1
55,8,20150915_184833,117,563,0,1
55,9,20150915_184833,117,627,0,1
55,10,20150915_184833,117,669,0,0
55,11,20150915_184833,117,692,0,1
55,12,20150915_184833,117,704,0,1
55,13,20150915_184833,117,800,0,0
56,1,20150915_185833,67,232,0,0
56,2,20150915_185833,67,533,0,0
56,3,20150915_185833,67,615,0,0
56,4,20150915_185833,67,704,0,0
56,5,20150915_185833,67,819,1,1
56,6,20150915_185833,67,844,0,1
56,7,20150915_185833,67,885,1,1
56,8,20150915_185833,67,909,1,1
56,9,20150915_185833,67,966,0,0
56,10,20150915_185833,67,981,0,0
57,1,20150915_190834,140,426,0,0
57,2,20150915_190834,140,479,0,0
57,3,20150915_190834,140,517,0,0
57,4,20150915_190834,140,559,0,0
57,5,20150915_190834,140,584,0,0
57,6,20150915_190834,140,662,0,0
57,7,20150915_190834,140,788,0,0
57,8,20150915_190834,140,849,0,0
57,9,20150915_190834,140,864,0,0
57,10,20150915_190834,140,878,0,0
58,1,20150915_192835,90,272,0,0
58,2,20150915_192835,90,336,0,0
58,3,20150915_192835,90,409,0,0
58,4,20150915_192835,90,463,0,0
58,5,20150915_192835,90,515,0,0
58,6,20150915_192835,90,586,0,1
58,7,20150915_192835,90,897,1,1
59,1,20150915_193335,134,61,0,0
59,2,20150915_193335,134,91,0,0
59,3,20150915_193335,134,170,0,0
59,4,20150915_193335,134,178,0,0
59,5,20150915_193335,134,341,1,1
59,6,20150915_193335,134,360,0,1
59,7,20150915_193335,134,386,0,1
59,8,20150915_193335,134,442,1,1
59,9,20150915_193335,134,870,0,0
60,1,20150921_184010,111,122,0,1
60,2,20150921_184010,111,156,0,0
60,3,20150921_184010,111,431,0,0
60,4,20150921_184010,111,592,1,1
60,5,20150921_184010,111,619,1,1
60,6,20150921_184010,111,638,1,1
60,7,20150921_184010,111,654,1,1
60,8,20150921_184010,111,681,0,1
60,9,20150921_184010,111,697,1,1
61,1,20150921_185511,121,309,0,0
61,2,20150921_185511,121,334,0,0
61,3,20150921_185511,121,403,0,0
61,4,20150921_185511,121,536,0,0
61,5,20150921_185511,121,546,0,0
61,6,20150921_185511,121,623,0,0
61,7,20150921_185511,121,645,0,0
61,8,20150921_185511,121,662,0,0
61,9,20150921_185511,121,681,0,0
61,10,20150921_185511,121,790,0,0
61,11,20150921_185511,121,941,0,0
62,1,20150921_191011,75,27,0,0
62,2,20150921_191011,75,35,0,0
62,3,20150921_191011,75,134,0,0
62,4,20150921_191011,75,201,0,0
62,5,20150921_191011,75,212,0,0
62,6,20150921_191011,75,220,0,0
62,7,20150921_191011,75,273,1,1
62,8,20150921_191011,75,306,1,1
62,9,20150921_191011,75,326,0,1
62,10,20150921_191011,75,336,0,1
62,11,20150921_191011,75,351,0,1
62,12,20150921_191011,75,369,0,1
62,13,20150921_191011,75,421,0,0
62,14,20150921_191011,75,511,0,0
62,15,20150921_191011,75,533,0,0
62,16,20150921_191011,75,574,0,0
62,17,20150921_191011,75,910,0,0
62,18,20150921_191011,75,964,0,0
63,1,20150921_192012,21,30,0,0
63,2,20150921_192012,21,75,0,0
63,3,20150921_192012,21,96,0,0
63,4,20150921_192012,21,127,0,0
63,5,20150921_192012,21,187,0,0
63,6,20150921_192012,21,293,0,1
63,7,20150921_192012,21,453,0,0
63,8,20150921_192012,21,497,1,1
63,9,20150921_192012,21,569,0,0
63,10,20150921_192012,21,583,0,0
63,11,20150921_192012,21,619,0,1
63,12,20150921_192012,21,643,1,1
63,13,20150921_192012,21,659,0,1
63,14,20150921_192012,21,682,0,1
63,15,20150921_192012,21,701,0,1
63,16,20150921_192012,21,736,0,0
63,17,20150921_192012,21,783,0,0
63,18,20150921_192012,21,813,0,0
63,19,20150921_192012,21,907,0,0
63,20,20150921_192012,21,945,0,0
63,21,20150921_192012,21,958,0,0
64,1,20150927_133132,134,692,0,1
64,2,20150927_133132,134,713,0,0
64,3,20150927_133132,134,714,0,1
64,4,20150927_133132,134,745,0,1
64,5,20150927_133132,134,768,0,0
64,6,20150927_133132,134,802,0,0
64,7,20150927_133132,134,836,0,0
64,8,20150927_133132,134,899,0,0
65,1,20150927_134133,43,586,1,0
65,2,20150927_134133,43,705,0,0
65,3,20150927_134133,43,719,0,1
65,4,20150927_134133,43,731,0,0
65,5,20150927_134133,43,745,0,0
65,6,20150927_134133,43,757,1,1
65,7,20150927_134133,43,770,1,0
65,8,20150927_134133,43,794,1,1
65,9,20150927_134133,43,808,0,0
65,10,20150927_134133,43,819,1,1
65,11,20150927_134133,43,829,0,0
65,12,20150927_134133,43,836,0,0
66,1,20150927_134133,87,201,0,0
66,2,20150927_134133,87,221,0,0
66,3,20150927_134133,87,250,0,0
66,4,20150927_134133,87,266,0,0
66,5,20150927_134133,87,283,0,1
66,6,20150927_134133,87,294,0,0
66,7,20150927_134133,87,332,0,1
66,8,20150927_134133,87,391,0,0
66,9,20150927_134133,87,490,0,0
66,10,20150927_134133,87,560,0,0
66,11,20150927_134133,87,608,0,0
67,1,20150927_134133,92,841,0,1
67,2,20150927_134133,92,858,0,1
67,3,20150927_134133,92,952,0,0
67,4,20150927_134133,92,958,0,0
67,5,20150927_134133,92,975,0,0
67,6,20150927_134133,92,986,0,0
68,1,20150927_134133,103,134,0,1
68,2,20150927_134133,103,155,0,1
68,3,20150927_134133,103,160,0,0
68,4,20150927_134133,103,167,0,1
68,5,20150927_134133,103,491,0,0
69,1,20150927_134133,110,350,0,1
69,2,20150927_134133,110,369,0,1
69,3,20150927_134133,110,405,0,0
69,4,20150927_134133,110,416,0,0
69,5,20150927_134133,110,450,0,1
69,6,20150927_134133,110,569,0,1
69,7,20150927_134133,110,581,0,1
69,8,20150927_134133,110,592,0,1
69,9,20150927_134133,110,610,0,1
69,10,20150927_134133,110,633,0,1
69,11,20150927_134133,110,666,0,1
69,12,20150927_134133,110,688,0,1
70,1,20150927_134133,143,175,0,1
70,2,20150927_134133,143,189,0,1
70,3,20150927_134133,143,218,0,1
70,4,20150927_134133,143,330,0,0
70,5,20150927_134133,143,348,0,1
70,6,20150927_134133,143,394,0,0
70,7,20150927_134133,143,409,0,0
71,1,20150927_134633,23,171,0,1
71,2,20150927_134633,23,191,0,1
71,3,20150927_134633,23,208,0,0
71,4,20150927_134633,23,224,0,0
71,5,20150927_134633,23,248,0,0
71,6,20150927_134633,23,284,0,0
71,7,20150927_134633,23,443,0,0
71,8,20150927_134633,23,551,0,0
71,9,20150927_134633,23,571,0,0
72,1,20150927_135133,91,96,0,0
72,2,20150927_135133,91,675,0,0
72,3,20150927_135133,91,757,0,0
72,4,20150927_135133,91,793,0,0
72,5,20150927_135133,91,799,0,1
72,6,20150927_135133,91,804,0,0
72,7,20150927_135133,91,816,0,0
72,8,20150927_135133,91,822,0,0
72,9,20150927_135133,91,830,0,1
72,10,20150927_135133,91,852,0,1
72,11,20150927_135133,91,952,0,0
73,1,20150927_135133,96,9,0,0
73,2,20150927_135133,96,109,0,0
73,3,20150927_135133,96,959,0,1
73,4,20150927_135133,96,984,0,1
74,1,20150927_135133,97,46,0,1
74,2,20150927_135133,97,87,0,1
74,3,20150927_135133,97,212,0,1
74,4,20150927_135133,97,391,0,0
74,5,20150927_135133,97,922,0,0
75,1,20150927_135634,38,40,0,0
75,2,20150927_135634,38,265,0,0
75,3,20150927_135634,38,631,0,0
75,4,20150927_135634,38,679,0,0
75,5,20150927_135634,38,787,0,0
75,6,20150927_135634,38,877,0,0
75,7,20150927_135634,38,906,0,0
75,8,20150927_135634,38,927,0,0
75,9,20150927_135634,38,963,0,0
76,1,20150927_135634,116,16,0,0
76,2,20150927_135634,116,206,0,0
76,3,20150927_135634,116,315,0,0
76,4,20150927_135634,116,412,0,0
76,5,20150927_135634,116,438,0,0
76,6,20150927_135634,116,569,0,1
76,7,20150927_135634,116,693,0,0
77,1,20150927_140134,27,16,0,0
77,2,20150927_140134,27,85,0,0
77,3,20150927_140134,27,105,0,0
77,4,20150927_140134,27,284,0,0
77,5,20150927_140134,27,543,0,0
77,6,20150927_140134,27,560,0,0
77,7,20150927_140134,27,569,0,1
77,8,20150927_140134,27,593,0,0
77,9,20150927_140134,27,611,0,0
77,10,20150927_140134,27,624,0,0
77,11,20150927_140134,27,633,0,0
77,12,20150927_140134,27,750,0,0
77,13,20150927_140134,27,766,0,0
77,14,20150927_140134,27,901,0,0
77,15,20150927_140134,27,992,0,0
78,1,20150927_140134,108,165,0,0
78,2,20150927_140134,108,347,0,1
78,3,20150927_140134,108,356,0,0
78,4,20150927_140134,108,373,0,0
78,5,20150927_140134,108,400,1,0
78,6,20150927_140134,108,412,0,1
78,7,20150927_140134,108,431,0,0
78,8,20150927_140134,108,507,0,0
78,9,20150927_140134,108,567,0,1
78,10,20150927_140134,108,616,0,0
78,11,20150927_140134,108,830,0,0
78,12,20150927_140134,108,878,0,0
79,1,20150927_140134,133,253,0,0
79,2,20150927_140134,133,466,0,0
79,3,20150927_140134,133,501,0,0
79,4,20150927_140134,133,829,0,1
79,5,20150927_140134,133,863,0,1
79,6,20150927_140134,133,888,0,1
79,7,20150927_140134,133,939,0,0
79,8,20150927_140134,133,979,0,0
80,1,20150927_140134,146,184,0,0
80,2,20150927_140134,146,194,0,0
80,3,20150927_140134,146,575,0,0
80,4,20150927_140134,146,605,0,0
80,5,20150927_140134,146,612,0,1
80,6,20150927_140134,146,631,0,0
80,7,20150927_140134,146,664,0,0
80,8,20150927_140134,146,721,0,0
81,1,20150927_140634,41,277,0,0
81,2,20150927_140634,41,282,0,1
81,3,20150927_140634,41,329,0,0
81,4,20150927_140634,41,369,0,1
81,5,20150927_140634,41,420,0,0
81,6,20150927_140634,41,426,0,0
81,7,20150927_140634,41,654,0,0
81,8,20150927_140634,41,789,0,0
82,1,20150927_140634,135,379,0,1
82,2,20150927_140634,135,390,0,0
82,3,20150927_140634,135,416,0,0
82,4,20150927_140634,135,433,0,1
82,5,20150927_140634,135,564,0,1
82,6,20150927_140634,135,588,0,0
82,7,20150927_140634,135,833,0,0
82,8,20150927_140634,135,867,0,0
82,9,20150927_140634,135,918,0,0
83,1,20150927_141134,121,320,0,0
83,2,20150927_141134,121,372,0,1
83,3,20150927_141134,121,472,0,1
83,4,20150927_141134,121,518,0,1
83,5,20150927_141134,121,539,0,1
84,1,20150927_141134,138,17,0,0
84,2,20150927_141134,138,93,0,0
84,3,20150927_141134,138,141,0,0
84,4,20150927_141134,138,152,0,0
84,5,20150927_141134,138,166,0,0
84,6,20150927_141134,138,172,0,0
84,7,20150927_141134,138,222,0,0
84,8,20150927_141134,138,685,0,0
84,9,20150927_141134,138,693,0,1
84,10,20150927_141134,138,700,0,0
84,11,20150927_141134,138,708,0,0
84,12,20150927_141134,138,735,0,1
84,13,20150927_141134,138,750,0,0
84,14,20150927_141134,138,766,0,0
84,15,20150927_141134,138,785,0,0
85,1,20150927_141634,46,206,0,0
85,2,20150927_141634,46,523,0,1
85,3,20150927_141634,46,560,0,1
85,4,20150927_141634,46,626,0,1
85,5,20150927_141634,46,682,0,0
85,6,20150927_141634,46,804,0,0
86,1,20150927_141634,95,53,0,1
86,2,20150927_141634,95,62,0,0
86,3,20150927_141634,95,216,0,1
86,4,20150927_141634,95,230,0,1
86,5,20150927_141634,95,253,0,0
86,6,20150927_141634,95,664,0,0
86,7,20150927_141634,95,671,0,1
86,8,20150927_141634,95,690,0,0
87,1,20150927_142135,67,37,0,0
87,2,20150927_142135,67,48,0,0
87,3,20150927_142135,67,61,0,0
87,4,20150927_142135,67,72,0,0
87,5,20150927_142135,67,505,0,0
87,6,20150927_142135,67,515,1,1
87,7,20150927_142135,67,542,1,1
87,8,20150927_142135,67,658,0,0
87,9,20150927_142135,67,809,1,0
87,10,20150927_142135,67,835,0,0
87,11,20150927_142135,67,842,0,0
87,12,20150927_142135,67,919,0,0
87,13,20150927_142135,67,944,0,0
87,14,20150927_142135,67,951,0,0
88,1,20150927_142135,97,160,0,1
88,2,20150927_142135,97,171,0,0
88,3,20150927_142135,97,179,0,0
88,4,20150927_142135,97,191,0,0
88,5,20150927_142135,97,262,0,1
88,6,20150927_142135,97,373,0,0
88,7,20150927_142135,97,391,0,0
88,8,20150927_142135,97,640,0,0
88,9,20150927_142135,97,664,0,0
88,10,20150927_142135,97,965,0,0
89,1,20150927_142135,115,550,0,0
89,2,20150927_142135,115,790,0,0
89,3,20150927_142135,115,796,0,1
89,4,20150927_142135,115,808,0,0
89,5,20150927_142135,115,818,0,1
89,6,20150927_142135,115,836,0,0
89,7,20150927_142135,115,942,0,0
90,1,20150927_142635,71,260,0,0
90,2,20150927_142635,71,383,0,0
90,3,20150927_142635,71,791,0,0
90,4,20150927_142635,71,825,0,0
90,5,20150927_142635,71,836,0,0
90,6,20150927_142635,71,886,0,0
90,7,20150927_142635,71,956,0,0
91,1,20160802_160438,123,82,0,0
91,2,20160802_160438,123,607,0,0
92,1,20160802_160938,35,980,0,0
92,2,20160802_160938,35,988,0,0
93,1,20160802_161939,22,502,0,0
93,2,20160802_161939,22,519,0,0
93,3,20160802_161939,22,674,0,0
93,4,20160802_161939,22,757,0,0
93,5,20160802_161939,22,778,0,0
94,1,20160802_161939,65,124,0,0
94,2,20160802_161939,65,251,0,0
94,3,20160802_161939,65,459,0,0
94,4,20160802_161939,65,485,0,0
94,5,20160802_161939,65,526,0,0
94,6,20160802_161939,65,595,0,0
94,7,20160802_161939,65,638,0,0
94,8,20160802_161939,65,711,0,0
94,9,20160802_161939,65,745,0,0
94,10,20160802_161939,65,776,0,0
94,11,20160802_161939,65,839,0,0
94,12,20160802_161939,65,854,0,0
94,13,20160802_161939,65,863,0,0
95,1,20160802_161939,128,118,0,0
95,2,20160802_161939,128,194,0,0
95,3,20160802_161939,128,253,0,1
95,4,20160802_161939,128,266,0,0
95,5,20160802_161939,128,567,0,0
95,6,20160802_161939,128,835,0,0
96,1,20160802_162439,28,498,0,0
96,2,20160802_162439,28,694,0,0
96,3,20160802_162439,28,708,0,0
96,4,20160802_162439,28,832,0,0
96,5,20160802_162439,28,844,0,0
97,1,20160802_162939,55,398,0,0
97,2,20160802_162939,55,417,0,0
98,1,20160802_163439,23,25,0,0
98,2,20160802_163439,23,103,0,0
98,3,20160802_163439,23,171,0,0
98,4,20160802_163439,23,255,0,0
98,5,20160802_163439,23,299,0,0
98,6,20160802_163439,23,353,0,0
98,7,20160802_163439,23,375,0,0
98,8,20160802_163439,23,486,0,0
98,9,20160802_163439,23,654,0,0
98,10,20160802_163439,23,701,0,0
98,11,20160802_163439,23,729,0,0
99,1,20160802_163940,3,402,0,0
99,2,20160802_163940,3,904,0,0
99,3,20160802_163940,3,927,0,0
100,1,20160802_163940,35,821,0,0
101,1,20160802_163940,51,91,0,0
101,2,20160802_163940,51,100,0,0
101,3,20160802_163940,51,127,0,0
102,1,20160802_164440,102,134,0,0
102,2,20160802_164440,102,161,0,0
102,3,20160802_164440,102,313,0,0
103,1,20160802_165440,11,254,0,0
103,2,20160802_165440,11,809,0,0
104,1,20160802_165440,90,147,0,0
104,2,20160802_165440,90,626,0,0
104,3,20160802_165440,90,967,0,0
104,4,20160802_165440,90,985,0,0
104,5,20160802_165440,90,996,0,0
105,1,20160807_212510,139,761,1,1
105,2,20160807_212510,139,781,1,1
105,3,20160807_212510,139,806,1,1
105,4,20160807_212510,139,834,0,1
105,5,20160807_212510,139,978,0,1
106,1,20160814_145725,18,246,0,1
106,2,20160814_145725,18,288,0,1
107,1,20160814_145725,121,308,0,0
107,2,20160814_145725,121,327,0,0
107,3,20160814_145725,121,470,0,0
108,1,20160814_150225,28,189,0,0
108,2,20160814_150225,28,522,0,0
108,3,20160814_150225,28,652,0,0
109,1,20160814_150725,108,282,0,0
109,2,20160814_150725,108,721,0,0
110,1,20160814_152726,58,189,0,1
110,2,20160814_152726,58,198,0,1
110,3,20160814_152726,58,215,0,1
110,4,20160814_152726,58,250,0,1
111,1,20160814_153226,79,650,0,0
111,2,20160814_153226,79,685,0,0
112,1,20160814_153726,19,646,0,1
112,2,20160814_153726,19,683,0,1
112,3,20160814_153726,19,728,0,0
112,4,20160814_153726,19,868,0,0
112,5,20160814_153726,19,953,0,1
113,1,20160814_153726,109,393,0,0
113,2,20160814_153726,109,422,0,0
113,3,20160814_153726,109,447,0,0
113,4,20160814_153726,109,467,0,0
113,5,20160814_153726,109,494,0,0
113,6,20160814_153726,109,542,0,0
114,1,20160815_202845,46,593,0,0
114,2,20160815_202845,46,597,0,1
114,3,20160815_202845,46,602,0,1
114,4,20160815_202845,46,607,0,0
114,5,20160815_202845,46,615,0,1
114,6,20160815_202845,46,626,0,1
114,7,20160815_202845,46,640,0,1
114,8,20160815_202845,46,652,0,0
114,9,20160815_202845,46,739,0,0
114,10,20160815_202845,46,885,0,0
114,11,20160815_202845,46,906,0,1
114,12,20160815_202845,46,920,0,0
115,1,20160815_202845,79,108,0,1
115,2,20160815_202845,79,137,0,1
115,3,20160815_202845,79,144,0,1
115,4,20160815_202845,79,221,0,0
115,5,20160815_202845,79,282,0,0
115,6,20160815_202845,79,288,0,0
115,7,20160815_202845,79,813,0,1
116,1,20160815_203345,1,27,0,1
116,2,20160815_203345,1,697,0,1
116,3,20160815_203345,1,743,0,1
116,4,20160815_203345,1,779,0,1
116,5,20160815_203345,1,789,0,1
116,6,20160815_203345,1,975,0,0
117,1,20160815_203345,67,141,0,0
117,2,20160815_203345,67,248,0,0
117,3,20160815_203345,67,311,0,1
117,4,20160815_203345,67,353,0,1
117,5,20160815_203345,67,403,0,1
117,6,20160815_203345,67,448,0,1
117,7,20160815_203345,67,502,0,1
117,8,20160815_203345,67,563,0,1
117,9,20160815_203345,67,620,0,1
117,10,20160815_203345,67,638,0,1
117,11,20160815_203345,67,671,0,1
117,12,20160815_203345,67,692,0,1
117,13,20160815_203345,67,716,0,1
118,1,20160815_203846,23,47,1,1
118,2,20160815_203846,23,115,0,1
118,3,20160815_203846,23,126,0,1
118,4,20160815_203846,23,165,1,1
118,5,20160815_203846,23,459,0,0
118,6,20160815_203846,23,628,0,0
119,1,20160815_203846,42,185,0,0
119,2,20160815_203846,42,393,0,0
119,3,20160815_203846,42,445,0,0
119,4,20160815_203846,42,468,0,1
119,5,20160815_203846,42,514,0,0
119,6,20160815_203846,42,567,0,0
119,7,20160815_203846,42,601,0,1
119,8,20160815_203846,42,818,1,1
119,9,20160815_203846,42,839,1,1
119,10,20160815_203846,42,856,1,1
119,11,20160815_203846,42,926,0,1
119,12,20160815_203846,42,956,0,1
120,1,20160815_203846,113,367,0,0
120,2,20160815_203846,113,608,1,1
120,3,20160815_203846,113,659,1,1
120,4,20160815_203846,113,698,1,1
120,5,20160815_203846,113,754,1,1
120,6,20160815_203846,113,817,1,1
120,7,20160815_203846,113,854,0,0
120,8,20160815_203846,113,911,1,1
120,9,20160815_203846,113,935,0,0
120,10,20160815_203846,113,951,1,1
120,11,20160815_203846,113,980,0,0
121,1,20160815_204346,19,40,0,0
121,2,20160815_204346,19,53,0,0
121,3,20160815_204346,19,59,0,0
121,4,20160815_204346,19,69,0,0
121,5,20160815_204346,19,213,1,1
121,6,20160815_204346,19,272,0,0
121,7,20160815_204346,19,358,1,1
121,8,20160815_204346,19,386,0,0
121,9,20160815_204346,19,490,1,1
121,10,20160815_204346,19,578,0,1
121,11,20160815_204346,19,673,0,1
121,12,20160815_204346,19,787,0,0
121,13,20160815_204346,19,806,0,0
121,14,20160815_204346,19,829,1,1
121,15,20160815_204346,19,844,0,0
121,16,20160815_204346,19,945,0,0
122,1,20160815_204846,136,4,0,0
122,2,20160815_204846,136,56,1,1
122,3,20160815_204846,136,67,0,1
122,4,20160815_204846,136,232,0,1
122,5,20160815_204846,136,531,0,1
122,6,20160815_204846,136,570,0,0
122,7,20160815_204846,136,887,0,1
123,1,20160815_205346,3,50,0,1
123,2,20160815_205346,3,85,0,0
123,3,20160815_205346,3,141,0,0
123,4,20160815_205346,3,149,1,1
123,5,20160815_205346,3,177,0,1
123,6,20160815_205346,3,191,0,1
123,7,20160815_205346,3,208,0,1
123,8,20160815_205346,3,263,0,1
123,9,20160815_205346,3,268,0,1
123,10,20160815_205346,3,347,0,0
123,11,20160815_205346,3,453,0,1
123,12,20160815_205346,3,867,0,0
124,1,20160815_205346,84,400,0,1
124,2,20160815_205346,84,482,0,1
124,3,20160815_205346,84,606,0,1
124,4,20160815_205346,84,670,0,1
124,5,20160815_205346,84,816,0,1
124,6,20160815_205346,84,837,0,1
124,7,20160815_205346,84,922,0,1
125,1,20160815_205846,16,612,1,1
125,2,20160815_205846,16,627,0,1
125,3,20160815_205846,16,807,0,1
125,4,20160815_205846,16,867,0,0
125,5,20160815_205846,16,916,0,1
125,6,20160815_205846,16,954,0,0
125,7,20160815_205846,16,973,0,1
125,8,20160815_205846,16,981,0,1
126,1,20160815_210347,125,135,0,1
126,2,20160815_210347,125,147,0,1
126,3,20160815_210347,125,455,0,0
126,4,20160815_210347,125,609,0,1
126,5,20160815_210347,125,634,0,1
126,6,20160815_210347,125,667,0,1
126,7,20160815_210347,125,701,0,1
127,1,20160815_211847,87,16,0,0
127,2,20160815_211847,87,34,1,1
127,3,20160815_211847,87,68,0,1
127,4,20160815_211847,87,87,0,1
127,5,20160815_211847,87,156,0,1
127,6,20160815_211847,87,209,0,1
127,7,20160815_211847,87,507,0,0
128,1,20160815_211847,101,89,0,0
128,2,20160815_211847,101,136,0,0
128,3,20160815_211847,101,307,1,1
128,4,20160815_211847,101,320,0,0
128,5,20160815_211847,101,341,0,0
128,6,20160815_211847,101,365,0,0
128,7,20160815_211847,101,734,0,0
129,1,20160821_184509,103,172,0,0
129,2,20160821_184509,103,191,0,1
129,3,20160821_184509,103,327,0,0
129,4,20160821_184509,103,422,0,0
129,5,20160821_184509,103,464,0,1
129,6,20160821_184509,103,522,0,1
129,7,20160821_184509,103,634,0,1
129,8,20160821_184509,103,674,0,1
129,9,20160821_184509,103,899,0,1
129,10,20160821_184509,103,912,0,0
129,11,20160821_184509,103,930,0,1
129,12,20160821_184509,103,956,0,1
129,13,20160821_184509,103,986,0,1
130,1,20160821_184509,106,99,0,0
130,2,20160821_184509,106,152,0,0
130,3,20160821_184509,106,186,0,1
130,4,20160821_184509,106,220,0,1
130,5,20160821_184509,106,261,0,1
130,6,20160821_184509,106,452,0,1
131,1,20160821_184509,124,49,0,1
131,2,20160821_184509,124,84,0,1
131,3,20160821_184509,124,122,0,1
131,4,20160821_184509,124,208,0,1
131,5,20160821_184509,124,219,0,0
131,6,20160821_184509,124,733,0,1
131,7,20160821_184509,124,954,0,0
132,1,20160821_185510,81,60,0,1
132,2,20160821_185510,81,159,0,0
132,3,20160821_185510,81,193,0,0
132,4,20160821_185510,81,217,1,1
132,5,20160821_185510,81,329,0,0
133,1,20160821_185510,114,131,0,1
133,2,20160821_185510,114,171,0,0
133,3,20160821_185510,114,220,1,1
133,4,20160821_185510,114,461,0,0
133,5,20160821_185510,114,520,0,0
133,6,20160821_185510,114,538,0,0
133,7,20160821_185510,114,586,0,0
133,8,20160821_185510,114,671,0,0
134,1,20160821_190010,96,4,0,0
134,2,20160821_190010,96,13,0,0
134,3,20160821_190010,96,25,0,0
134,4,20160821_190010,96,115,0,0
134,5,20160821_190010,96,186,0,0
134,6,20160821_190010,96,277,0,0
134,7,20160821_190010,96,312,0,0
134,8,20160821_190010,96,460,0,0
134,9,20160821_190010,96,464,0,0
134,10,20160821_190010,96,478,0,0
134,11,20160821_190010,96,530,0,0
134,12,20160821_190010,96,723,0,1
134,13,20160821_190010,96,967,0,1
135,1,20160821_193512,140,3,0,0
135,2,20160821_193512,140,58,0,0
135,3,20160821_193512,140,134,0,1
135,4,20160821_193512,140,208,1,1
135,5,20160821_193512,140,245,1,1
135,6,20160821_193512,140,274,0,0
135,7,20160821_193512,140,367,0,0
135,8,20160821_193512,140,379,0,1
135,9,20160821_193512,140,400,1,1
135,10,20160821_193512,140,430,0,1
135,11,20160821_193512,140,474,0,1
135,12,20160821_193512,140,500,0,1
135,13,20160821_193512,140,534,0,1
135,14,20160821_193512,140,568,0,0
135,15,20160821_193512,140,600,1,1
135,16,20160821_193512,140,702,0,1
135,17,20160821_193512,140,730,0,1
135,18,20160821_193512,140,814,1,1
136,1,20160830_191000,23,184,0,1
136,2,20160830_191000,23,201,0,0
136,3,20160830_191000,23,381,0,0
136,4,20160830_191000,23,440,0,0
136,5,20160830_191000,23,504,0,1
136,6,20160830_191000,23,526,0,0
136,7,20160830_191000,23,533,0,1
136,8,20160830_191000,23,559,1,1
136,9,20160830_191000,23,815,1,1
136,10,20160830_191000,23,847,0,1
136,11,20160830_191000,23,970,0,0
137,1,20160830_191000,134,17,0,0
137,2,20160830_191000,134,30,0,1
137,3,20160830_191000,134,51,0,0
137,4,20160830_191000,134,82,0,0
137,5,20160830_191000,134,132,0,1
137,6,20160830_191000,134,176,0,1
137,7,20160830_191000,134,254,0,0
137,8,20160830_191000,134,265,1,1
137,9,20160830_191000,134,292,0,1
137,10,20160830_191000,134,308,0,0
137,11,20160830_191000,134,495,0,1
137,12,20160830_191000,134,658,0,1
137,13,20160830_191000,134,715,0,1
137,14,20160830_191000,134,763,0,1
137,15,20160830_191000,134,913,0,0
137,16,20160830_191000,134,989,0,0
138,1,20160830_191500,90,221,0,0
138,2,20160830_191500,90,234,1,1
138,3,20160830_191500,90,320,1,1
138,4,20160830_191500,90,541,0,0
138,5,20160830_191500,90,642,1,1
138,6,20160830_191500,90,673,1,1
138,7,20160830_191500,90,745,1,1
138,8,20160830_191500,90,791,1,1
138,9,20160830_191500,90,859,0,1
138,10,20160830_191500,90,925,0,1
138,11,20160830_191500,90,965,0,1
139,1,20160830_191500,117,9,0,1
139,2,20160830_191500,117,23,0,1
139,3,20160830_191500,117,58,0,0
139,4,20160830_191500,117,70,0,0
139,5,20160830_191500,117,118,0,0
139,6,20160830_191500,117,141,1,1
139,7,20160830_191500,117,156,0,0
139,8,20160830_191500,117,163,1,1
139,9,20160830_191500,117,216,0,1
139,10,20160830_191500,117,309,1,1
139,11,20160830_191500,117,357,0,0
139,12,20160830_191500,117,368,0,0
139,13,20160830_191500,117,376,0,0
139,14,20160830_191500,117,390,0,0
139,15,20160830_191500,117,406,0,0
139,16,20160830_191500,117,414,1,1
139,17,20160830_191500,117,450,0,0
139,18,20160830_191500,117,464,0,0
139,19,20160830_191500,117,493,0,0
139,20,20160830_191500,117,502,0,0
139,21,20160830_191500,117,529,0,0
139,22,20160830_191500,117,581,0,0
139,23,20160830_191500,117,657,0,1
139,24,20160830_191500,117,704,1,0
139,25,20160830_191500,117,771,0,0
139,26,20160830_191500,117,859,0,0
139,27,20160830_191500,117,999,0,0
140,1,20160830_192000,15,50,0,1
140,2,20160830_192000,15,177,1,1
140,3,20160830_192000,15,242,1,1
140,4,20160830_192000,15,289,1,1
140,5,20160830_192000,15,395,0,1
140,6,20160830_192000,15,424,0,0
141,1,20160830_193000,2,103,0,0
141,2,20160830_193000,2,564,1,0
141,3,20160830_193000,2,589,0,0
141,4,20160830_193000,2,714,0,1
141,5,20160830_193000,2,772,1,1
141,6,20160830_193000,2,813,1,1
141,7,20160830_193000,2,865,1,1
141,8,20160830_193000,2,901,0,1
141,9,20160830_193000,2,971,0,1
142,1,20160830_194501,98,44,0,0
142,2,20160830_194501,98,284,0,1
142,3,20160830_194501,98,424,0,1
142,4,20160830_194501,98,440,0,1
142,5,20160830_194501,98,448,0,1
142,6,20160830_194501,98,456,0,1
142,7,20160830_194501,98,464,0,0
142,8,20160830_194501,98,654,0,0
142,9,20160830_194501,98,754,1,1
142,10,20160830_194501,98,811,1,1
142,11,20160830_194501,98,829,0,1
142,12,20160830_194501,98,850,0,0
142,13,20160830_194501,98,862,1,1
142,14,20160830_194501,98,920,0,0
143,1,20160830_195001,33,210,1,1
143,2,20160830_195001,33,414,1,1
143,3,20160830_195001,33,460,1,1
143,4,20160830_195001,33,486,1,1
143,5,20160830_195001,33,540,0,1
143,6,20160830_195001,33,597,0,1
143,7,20160830_195001,33,791,1,1
144,1,20170702_161620,48,720,0,0
145,1,20170702_161620,98,132,0,0
145,2,20170702_161620,98,147,0,0
145,3,20170702_161620,98,937,0,0
146,1,20170702_161620,119,405,0,0
147,1,20170702_164121,52,71,0,0
147,2,20170702_164121,52,408,0,0
147,3,20170702_164121,52,438,0,0
147,4,20170702_164121,52,461,0,0
147,5,20170702_164121,52,475,0,0
147,6,20170702_164121,52,507,0,0
147,7,20170702_164121,52,514,0,0
147,8,20170702_164121,52,575,0,0
147,9,20170702_164121,52,640,0,0
147,10,20170702_164121,52,673,0,0
147,11,20170702_164121,52,745,0,0
148,1,20170702_164621,16,338,0,0
148,2,20170702_164621,16,359,0,0
148,3,20170702_164621,16,425,0,0
148,4,20170702_164621,16,469,0,0
148,5,20170702_164621,16,599,0,0
148,6,20170702_164621,16,718,0,0
149,1,20170702_164621,99,69,0,0
149,2,20170702_164621,99,87,0,0
149,3,20170702_164621,99,124,0,1
149,4,20170702_164621,99,239,0,0
149,5,20170702_164621,99,291,0,1
150,1,20170707_230135,9,198,0,0
150,2,20170707_230135,9,437,0,0
150,3,20170707_230135,9,633,0,0
150,4,20170707_230135,9,733,0,1
150,5,20170707_230135,9,773,0,0
151,1,20170707_230135,29,512,1,1
151,2,20170707_230135,29,557,0,1
151,3,20170707_230135,29,623,0,0
152,1,20170707_230635,53,678,1,1
152,2,20170707_230635,53,696,1,1
152,3,20170707_230635,53,757,0,0
152,4,20170707_230635,53,795,1,1
152,5,20170707_230635,53,860,0,0
152,6,20170707_230635,53,918,1,1
152,7,20170707_230635,53,994,0,0
153,1,20170707_230635,83,570,1,1
153,2,20170707_230635,83,830,0,0
154,1,20170707_231135,31,48,0,0
154,2,20170707_231135,31,388,0,0
154,3,20170707_231135,31,626,0,1
154,4,20170707_231135,31,650,0,1
154,5,20170707_231135,31,704,0,1
154,6,20170707_231135,31,846,1,1
154,7,20170707_231135,31,878,1,1
154,8,20170707_231135,31,934,1,1
154,9,20170707_231135,31,982,1,1
155,1,20170707_231135,65,132,0,0
155,2,20170707_231135,65,952,1,1
156,1,20170707_231635,129,853,1,1
156,2,20170707_231635,129,895,1,1
157,1,20170707_232136,124,231,0,0
157,2,20170707_232136,124,474,0,0
157,3,20170707_232136,124,709,0,0
157,4,20170707_232136,124,853,1,1
157,5,20170707_232136,124,908,1,1
157,6,20170707_232136,124,961,1,1
157,7,20170707_232136,124,996,0,0
158,1,20170707_233136,45,89,0,0
158,2,20170707_233136,45,602,1,1
158,3,20170707_233136,45,625,0,1
158,4,20170707_233136,45,648,1,1
158,5,20170707_233136,45,674,1,1
158,6,20170707_233136,45,719,0,1
158,7,20170707_233136,45,733,0,0
158,8,20170707_233136,45,814,1,1
158,9,20170707_233136,45,904,1,1
159,1,20170707_233636,142,27,0,0
159,2,20170707_233636,142,165,0,1
159,3,20170707_233636,142,253,1,1
159,4,20170707_233636,142,334,1,1
159,5,20170707_233636,142,373,0,0
159,6,20170707_233636,142,930,0,0
160,1,20170707_234137,6,43,0,0
160,2,20170707_234137,6,58,0,0
160,3,20170707_234137,6,329,0,0
160,4,20170707_234137,6,391,0,0
160,5,20170707_234137,6,402,0,0
160,6,20170707_234137,6,521,0,0
160,7,20170707_234137,6,693,0,0
160,8,20170707_234137,6,757,1,1
160,9,20170707_234137,6,778,0,0
160,10,20170707_234137,6,807,0,1
160,11,20170707_234137,6,882,0,0
160,12,20170707_234137,6,916,1,1
161,1,20170707_234637,41,136,0,0
161,2,20170707_234637,41,164,0,1
161,3,20170707_234637,41,194,1,1
161,4,20170707_234637,41,246,0,1
161,5,20170707_234637,41,324,0,0
161,6,20170707_234637,41,353,0,1
161,7,20170707_234637,41,417,0,0
161,8,20170707_234637,41,564,0,0
162,1,20170707_235637,85,44,0,0
162,2,20170707_235637,85,135,0,0
162,3,20170707_235637,85,196,0,1
162,4,20170707_235637,85,492,1,1
162,5,20170707_235637,85,611,0,0
163,1,20170714_153824,124,342,1,1
163,2,20170714_153824,124,436,0,0
163,3,20170714_153824,124,479,0,0
163,4,20170714_153824,124,588,0,0
163,5,20170714_153824,124,778,0,0
164,1,20170714_153824,134,597,0,0
164,2,20170714_153824,134,678,0,0
164,3,20170714_153824,134,711,0,0
165,1,20170714_155325,90,149,0,0
165,2,20170714_155325,90,205,0,0
165,3,20170714_155325,90,607,0,0
166,1,20170714_155325,107,160,0,0
166,2,20170714_155325,107,336,0,0
166,3,20170714_155325,107,386,0,0
166,4,20170714_155325,107,481,0,0
166,5,20170714_155325,107,598,0,0
166,6,20170714_155325,107,644,0,0
166,7,20170714_155325,107,664,0,0
166,8,20170714_155325,107,704,0,0
166,9,20170714_155325,107,731,0,0
166,10,20170714_155325,107,770,0,0
166,11,20170714_155325,107,859,0,0
166,12,20170714_155325,107,904,0,0
166,13,20170714_155325,107,966,0,0
167,1,20170714_155825,62,298,0,0
167,2,20170714_155825,62,308,0,0
167,3,20170714_155825,62,395,0,0
167,4,20170714_155825,62,403,0,0
167,5,20170714_155825,62,434,0,0
167,6,20170714_155825,62,488,0,0
167,7,20170714_155825,62,538,0,0
167,8,20170714_155825,62,701,0,0
167,9,20170714_155825,62,937,0,0
168,1,20170715_121417,62,107,0,0
168,2,20170715_121417,62,108,0,0
168,3,20170715_121417,62,134,0,0
168,4,20170715_121417,62,252,0,0
168,5,20170715_121417,62,490,0,0
168,6,20170715_121417,62,498,0,0
168,7,20170715_121417,62,563,0,0
168,8,20170715_121417,62,897,0,0
168,9,20170715_121417,62,952,0,0
169,1,20170715_121917,35,153,0,0
169,2,20170715_121917,35,671,0,0
169,3,20170715_121917,35,678,0,0
169,4,20170715_121917,35,697,0,0
170,1,20170715_121917,45,248,0,0
171,1,20170715_123918,48,889,0,0
171,2,20170715_123918,48,897,0,1
171,3,20170715_123918,48,920,0,1
172,1,20170715_123918,140,521,0,0
172,2,20170715_123918,140,538,0,0
172,3,20170715_123918,140,559,0,1
172,4,20170715_123918,140,626,0,1
172,5,20170715_123918,140,685,0,1
172,6,20170715_123918,140,722,0,1
172,7,20170715_123918,140,745,0,0
172,8,20170715_123918,140,841,0,1
172,9,20170715_123918,140,890,0,1
173,1,20170715_125419,68,455,0,1
173,2,20170715_125419,68,484,0,1
173,3,20170715_125419,68,637,0,1
173,4,20170715_125419,68,645,0,1
173,5,20170715_125419,68,757,1,1
173,6,20170715_125419,68,789,0,1
173,7,20170715_125419,68,820,0,1
173,8,20170715_125419,68,840,0,0
174,1,20170715_125419,86,467,0,0
174,2,20170715_125419,86,476,0,1
174,3,20170715_125419,86,483,0,0
174,4,20170715_125419,86,555,0,0
174,5,20170715_125419,86,583,0,0
174,6,20170715_125419,86,925,0,1
175,1,20170715_125419,94,72,0,1
175,2,20170715_125419,94,84,0,1
175,3,20170715_125419,94,125,0,1
175,4,20170715_125419,94,246,0,1
175,5,20170715_125419,94,279,0,0
176,1,20170715_125919,76,95,0,0
176,2,20170715_125919,76,196,0,0
176,3,20170715_125919,76,456,0,0
176,4,20170715_125919,76,518,0,0
176,5,20170715_125919,76,587,0,0
176,6,20170715_125919,76,597,0,0
176,7,20170715_125919,76,611,0,0
176,8,20170715_125919,76,661,1,1
176,9,20170715_125919,76,742,0,1
176,10,20170715_125919,76,757,0,1
176,11,20170715_125919,76,964,1,1
176,12,20170715_125919,76,974,0,1
177,1,20170715_125919,124,39,0,1
177,2,20170715_125919,124,72,0,1
177,3,20170715_125919,124,644,0,0
177,4,20170715_125919,124,662,0,1
177,5,20170715_125919,124,682,0,1
177,6,20170715_125919,124,692,0,1
178,1,20170715_130419,144,405,0,0
178,2,20170715_130419,144,701,0,1
178,3,20170715_130419,144,742,0,1
178,4,20170715_130419,144,766,0,1
178,5,20170715_130419,144,859,0,1
178,6,20170715_130419,144,899,0,1
178,7,20170715_130419,144,956,0,1
178,8,20170715_130419,144,987,0,1
179,1,20170715_130920,7,255,0,1
179,2,20170715_130920,7,279,0,1
179,3,20170715_130920,7,338,0,1
179,4,20170715_130920,7,400,0,1
179,5,20170715_130920,7,533,0,1
179,6,20170715_130920,7,616,1,1
179,7,20170715_130920,7,709,0,1
179,8,20170715_130920,7,792,0,1
179,9,20170715_130920,7,911,0,1
180,1,20170715_130920,44,429,0,1
180,2,20170715_130920,44,441,0,1
180,3,20170715_130920,44,477,0,1
180,4,20170715_130920,44,492,0,1
180,5,20170715_130920,44,548,1,1
180,6,20170715_130920,44,578,0,1
180,7,20170715_130920,44,661,1,1
180,8,20170715_130920,44,740,0,1
180,9,20170715_130920,44,777,0,1
180,10,20170715_130920,44,977,0,1
181,1,20170715_130920,111,23,0,1
181,2,20170715_130920,111,44,0,1
181,3,20170715_130920,111,110,0,1
181,4,20170715_130920,111,151,0,1
181,5,20170715_130920,111,194,0,1
181,6,20170715_130920,111,761,0,0
181,7,20170715_130920,111,771,0,0
181,8,20170715_130920,111,834,0,0
181,9,20170715_130920,111,908,0,0
182,1,20170721_215037,10,493,0,1
182,2,20170721_215037,10,734,0,1
182,3,20170721_215037,10,756,0,1
182,4,20170721_215037,10,778,0,1
182,5,20170721_215037,10,803,0,1
182,6,20170721_215037,10,827,0,1
182,7,20170721_215037,10,844,1,1
182,8,20170721_215037,10,874,0,1
182,9,20170721_215037,10,932,0,0
182,10,20170721_215037,10,948,1,1
183,1,20170721_221038,133,303,0,1
183,2,20170721_221038,133,405,0,0
183,3,20170721_221038,133,417,0,1
183,4,20170721_221038,133,481,0,1
183,5,20170721_221038,133,543,0,1
183,6,20170721_221038,133,568,0,1
183,7,20170721_221038,133,628,1,1
183,8,20170721_221038,133,645,0,1
183,9,20170721_221038,133,699,0,1
183,10,20170721_221038,133,860,0,0
183,11,20170721_221038,133,894,0,1
183,12,20170721_221038,133,954,0,1
183,13,20170721_221038,133,994,0,1
184,1,20170721_222039,46,704,0,1
184,2,20170721_222039,46,737,0,1
184,3,20170721_222039,46,779,0,1
184,4,20170721_222039,46,831,0,1
184,5,20170721_222039,46,874,0,0
184,6,20170721_222039,46,903,0,1
184,7,20170721_222039,46,970,0,1
185,1,20170721_222039,92,37,0,0
185,2,20170721_222039,92,42,0,1
185,3,20170721_222039,92,100,1,1
185,4,20170721_222039,92,127,0,1
185,5,20170721_222039,92,239,0,0
185,6,20170721_222039,92,245,0,0
185,7,20170721_222039,92,322,0,0
185,8,20170721_222039,92,338,0,0
185,9,20170721_222039,92,360,0,0
186,1,20170721_222039,99,185,1,1
186,2,20170721_222039,99,270,0,1
186,3,20170721_222039,99,289,0,1
186,4,20170721_222039,99,313,0,0
186,5,20170721_222039,99,365,0,1
186,6,20170721_222039,99,374,0,1
186,7,20170721_222039,99,605,0,0
187,1,20170721_222039,139,83,0,0
187,2,20170721_222039,139,156,1,1
187,3,20170721_222039,139,172,0,1
187,4,20170721_222039,139,184,0,1
187,5,20170721_222039,139,198,1,1
187,6,20170721_222039,139,239,0,1
187,7,20170721_222039,139,308,1,1
187,8,20170721_222039,139,381,0,0
187,9,20170721_222039,139,417,0,0
187,10,20170721_222039,139,514,0,0
187,11,20170721_222039,139,541,0,1
187,12,20170721_222039,139,827,0,1
187,13,20170721_222039,139,838,0,1
187,14,20170721_222039,139,886,0,0
187,15,20170721_222039,139,898,1,1
187,16,20170721_222039,139,951,0,0
188,1,20170721_222539,15,251,0,1
188,2,20170721_222539,15,258,0,1
188,3,20170721_222539,15,286,0,1
188,4,20170721_222539,15,302,0,1
188,5,20170721_222539,15,316,0,1
188,6,20170721_222539,15,324,0,0
188,7,20170721_222539,15,348,0,1
188,8,20170721_222539,15,430,0,1
188,9,20170721_222539,15,533,0,1
188,10,20170721_222539,15,836,0,1
189,1,20170721_222539,107,275,0,1
189,2,20170721_222539,107,345,0,1
189,3,20170721_222539,107,398,0,1
189,4,20170721_222539,107,452,0,1
189,5,20170721_222539,107,522,0,1
189,6,20170721_222539,107,567,0,1
189,7,20170721_222539,107,583,0,0
189,8,20170721_222539,107,639,0,1
189,9,20170721_222539,107,689,0,1
189,10,20170721_222539,107,735,0,1
189,11,20170721_222539,107,766,0,1
189,12,20170721_222539,107,816,0,0
189,13,20170721_222539,107,851,0,1
189,14,20170721_222539,107,897,0,0
189,15,20170721_222539,107,918,0,0
189,16,20170721_222539,107,965,0,1
190,1,20170721_223539,67,285,1,1
190,2,20170721_223539,67,315,1,1
190,3,20170721_223539,67,374,1,1
190,4,20170721_223539,67,427,0,1
190,5,20170721_223539,67,536,0,0
190,6,20170721_223539,67,597,0,1
190,7,20170721_223539,67,663,0,1
190,8,20170721_223539,67,825,0,0
190,9,20170721_223539,67,879,0,0
190,10,20170721_223539,67,923,0,0
190,11,20170721_223539,67,937,0,0
190,12,20170721_223539,67,947,0,1
190,13,20170721_223539,67,959,0,1
190,14,20170721_223539,67,968,0,0
190,15,20170721_223539,67,973,0,1
191,1,20170721_223539,139,18,0,0
191,2,20170721_223539,139,39,0,0
191,3,20170721_223539,139,118,0,0
191,4,20170721_223539,139,127,0,1
191,5,20170721_223539,139,221,0,0
191,6,20170721_223539,139,237,1,1
191,7,20170721_223539,139,286,0,0
191,8,20170721_223539,139,291,0,1
191,9,20170721_223539,139,309,0,1
191,10,20170721_223539,139,332,0,1
191,11,20170721_223539,139,486,0,1
191,12,20170721_223539,139,507,0,1
191,13,20170721_223539,139,554,0,0
191,14,20170721_223539,139,574,0,1
191,15,20170721_223539,139,783,0,0
191,16,20170721_223539,139,795,0,0
191,17,20170721_223539,139,871,0,0
191,18,20170721_223539,139,944,0,0
192,1,20170721_224540,112,134,0,0
192,2,20170721_224540,112,157,0,0
192,3,20170721_224540,112,616,0,1
192,4,20170721_224540,112,752,0,1
192,5,20170721_224540,112,797,0,1
192,6,20170721_224540,112,810,0,1
192,7,20170721_224540,112,901,0,1
193,1,20170730_170406,26,381,0,0
193,2,20170730_170406,26,386,0,1
193,3,20170730_170406,26,395,0,1
193,4,20170730_170406,26,552,0,1
193,5,20170730_170406,26,587,0,1
193,6,20170730_170406,26,605,0,1
193,7,20170730_170406,26,620,0,0
193,8,20170730_170406,26,782,0,1
193,9,20170730_170406,26,904,0,1
194,1,20170730_170406,65,227,0,0
194,2,20170730_170406,65,810,0,0
194,3,20170730_170406,65,825,0,0
194,4,20170730_170406,65,856,0,1
194,5,20170730_170406,65,864,0,1
194,6,20170730_170406,65,892,0,1
194,7,20170730_170406,65,906,0,0
194,8,20170730_170406,65,962,0,0
194,9,20170730_170406,65,977,0,1
194,10,20170730_170406,65,986,0,1
195,1,20170730_171406,8,9,0,0
195,2,20170730_171406,8,34,0,0
195,3,20170730_171406,8,115,1,1
195,4,20170730_171406,8,154,0,0
195,5,20170730_171406,8,177,0,0
195,6,20170730_171406,8,248,0,1
195,7,20170730_171406,8,269,0,1
195,8,20170730_171406,8,279,0,0
195,9,20170730_171406,8,286,0,0
195,10,20170730_171406,8,317,0,0
195,11,20170730_171406,8,343,0,0
195,12,20170730_171406,8,405,0,0
195,13,20170730_171406,8,414,0,0
195,14,20170730_171406,8,426,0,0
195,15,20170730_171406,8,574,0,1
195,16,20170730_171406,8,588,0,0
195,17,20170730_171406,8,771,0,0
195,18,20170730_171406,8,809,0,0
195,19,20170730_171406,8,859,0,0
195,20,20170730_171406,8,893,0,0
195,21,20170730_171406,8,951,0,0
196,1,20170730_172407,36,69,0,0
196,2,20170730_172407,36,225,0,1
196,3,20170730_172407,36,280,0,1
196,4,20170730_172407,36,331,0,1
196,5,20170730_172407,36,377,0,1
196,6,20170730_172407,36,441,0,1
196,7,20170730_172407,36,519,0,1
196,8,20170730_172407,36,666,0,1
196,9,20170730_172407,36,673,0,0
196,10,20170730_172407,36,692,0,1
196,11,20170730_172407,36,875,0,1
196,12,20170730_172407,36,901,0,1
196,13,20170730_172407,36,965,0,1
196,14,20170730_172407,36,985,0,1
197,1,20170730_172407,77,255,1,1
197,2,20170730_172407,77,314,1,1
197,3,20170730_172407,77,415,0,1
197,4,20170730_172407,77,447,0,1
197,5,20170730_172407,77,519,0,1
197,6,20170730_172407,77,567,0,1
197,7,20170730_172407,77,611,0,1
197,8,20170730_172407,77,702,0,1
197,9,20170730_172407,77,770,0,1
198,1,20170730_172907,88,10,0,1
198,2,20170730_172907,88,46,0,1
198,3,20170730_172907,88,58,0,1
198,4,20170730_172907,88,89,0,0
198,5,20170730_172907,88,100,0,0
198,6,20170730_172907,88,109,0,0
198,7,20170730_172907,88,122,0,1
198,8,20170730_172907,88,144,0,0
198,9,20170730_172907,88,158,0,0
198,10,20170730_172907,88,173,0,0
198,11,20170730_172907,88,215,0,0
198,12,20170730_172907,88,234,0,1
198,13,20170730_172907,88,241,0,0
198,14,20170730_172907,88,259,0,1
198,15,20170730_172907,88,289,0,0
198,16,20170730_172907,88,315,0,0
198,17,20170730_172907,88,336,0,0
198,18,20170730_172907,88,373,0,0
198,19,20170730_172907,88,391,0,0
198,20,20170730_172907,88,404,0,0
198,21,20170730_172907,88,426,0,1
198,22,20170730_172907,88,474,0,0
198,23,20170730_172907,88,502,0,0
198,24,20170730_172907,88,526,0,1
198,25,20170730_172907,88,664,0,1
198,26,20170730_172907,88,685,0,0
198,27,20170730_172907,88,702,0,1
198,28,20170730_172907,88,714,0,0
198,29,20170730_172907,88,778,0,1
198,30,20170730_172907,88,787,0,1
198,31,20170730_172907,88,811,0,1
198,32,20170730_172907,88,965,0,0
199,1,20180602_211730,120,82,0,0
199,2,20180602_211730,120,97,1,1
199,3,20180602_211730,120,106,0,0
199,4,20180602_211730,120,210,1,1
199,5,20180602_211730,120,246,1,1
199,6,20180602_211730,120,347,0,1
200,1,20180602_212730,102,125,0,1
200,2,20180602_212730,102,286,0,1
200,3,20180602_212730,102,392,0,1
200,4,20180602_212730,102,407,0,0
200,5,20180602_212730,102,635,0,1
200,6,20180602_212730,102,851,1,1
200,7,20180602_212730,102,882,0,0
200,8,20180602_212730,102,968,0,0
201,1,20180602_212730,103,13,1,1
201,2,20180602_212730,103,113,1,1
201,3,20180602_212730,103,220,1,1
201,4,20180602_212730,103,346,1,1
201,5,20180602_212730,103,591,0,0
202,1,20180607_190213,69,5,0,0
202,2,20180607_190213,69,480,0,1
202,3,20180607_190213,69,527,0,1
202,4,20180607_190213,69,574,0,0
202,5,20180607_190213,69,692,0,1
202,6,20180607_190213,69,702,0,1
202,7,20180607_190213,69,805,0,1
202,8,20180607_190213,69,928,0,1
203,1,20180607_192214,26,4,0,0
203,2,20180607_192214,26,37,0,1
203,3,20180607_192214,26,323,0,0
203,4,20180607_192214,26,335,0,0
203,5,20180607_192214,26,355,0,0
203,6,20180607_192214,26,761,0,1
203,7,20180607_192214,26,773,0,0
204,1,20180607_192214,60,42,0,0
204,2,20180607_192214,60,54,0,0
204,3,20180607_192214,60,104,0,1
204,4,20180607_192214,60,238,0,1
204,5,20180607_192214,60,545,0,0
204,6,20180607_192214,60,555,0,1
204,7,20180607_192214,60,593,0,1
204,8,20180607_192214,60,619,0,0
204,9,20180607_192214,60,626,0,1
204,10,20180607_192214,60,643,0,0
204,11,20180607_192214,60,663,0,0
204,12,20180607_192214,60,673,0,0
204,13,20180607_192214,60,700,0,0
204,14,20180607_192214,60,701,0,1
204,15,20180607_192214,60,717,0,1
204,16,20180607_192214,60,883,0,1
205,1,20180607_192214,128,72,0,0
205,2,20180607_192214,128,106,0,0
205,3,20180607_192214,128,165,0,1
205,4,20180607_192214,128,196,0,1
205,5,20180607_192214,128,317,0,0
205,6,20180607_192214,128,321,0,0
205,7,20180607_192214,128,331,0,0
205,8,20180607_192214,128,341,0,0
205,9,20180607_192214,128,618,0,0
205,10,20180607_192214,128,660,0,0
206,1,20180607_192214,140,37,0,0
206,2,20180607_192214,140,106,0,0
206,3,20180607_192214,140,435,0,0
206,4,20180607_192214,140,448,0,0
206,5,20180607_192214,140,552,0,1
206,6,20180607_192214,140,582,0,0
206,7,20180607_192214,140,668,0,0
207,1,20180607_192714,16,244,0,0
207,2,20180607_192714,16,264,0,0
207,3,20180607_192714,16,372,0,1
207,4,20180607_192714,16,707,0,1
207,5,20180607_192714,16,719,0,0
207,6,20180607_192714,16,733,0,0
207,7,20180607_192714,16,787,0,0
207,8,20180607_192714,16,792,0,1
207,9,20180607_192714,16,870,0,0
207,10,20180607_192714,16,963,0,0
207,11,20180607_192714,16,977,0,1
208,1,20180607_192714,70,431,0,1
208,2,20180607_192714,70,445,1,1
208,3,20180607_192714,70,467,0,1
208,4,20180607_192714,70,488,0,1
208,5,20180607_192714,70,554,0,0
208,6,20180607_192714,70,612,0,1
208,7,20180607_192714,70,636,0,1
208,8,20180607_192714,70,676,0,0
208,9,20180607_192714,70,723,0,0
208,10,20180607_192714,70,761,0,0
208,11,20180607_192714,70,821,0,1
208,12,20180607_192714,70,837,0,1
208,13,20180607_192714,70,859,0,1
208,14,20180607_192714,70,881,0,0
209,1,20180607_193215,77,2,0,1
209,2,20180607_193215,77,11,0,1
209,3,20180607_193215,77,63,0,0
209,4,20180607_193215,77,404,0,0
209,5,20180607_193215,77,894,0,1
209,6,20180607_193215,77,911,0,0
209,7,20180607_193215,77,950,0,1
210,1,20180607_193215,81,13,0,0
210,2,20180607_193215,81,24,1,1
210,3,20180607_193215,81,72,0,0
210,4,20180607_193215,81,137,0,0
210,5,20180607_193215,81,216,0,0
210,6,20180607_193215,81,266,0,0
210,7,20180607_193215,81,271,0,0
210,8,20180607_193215,81,353,0,1
210,9,20180607_193215,81,390,0,1
210,10,20180607_193215,81,487,0,0
210,11,20180607_193215,81,506,0,1
210,12,20180607_193215,81,645,0,0
210,13,20180607_193215,81,822,0,1
210,14,20180607_193215,81,987,0,1
211,1,20180607_193215,131,58,0,0
211,2,20180607_193215,131,678,1,1
211,3,20180607_193215,131,704,1,1
211,4,20180607_193215,131,723,1,1
211,5,20180607_193215,131,757,0,1
212,1,20180607_193715,111,20,0,0
212,2,20180607_193715,111,37,0,1
212,3,20180607_193715,111,72,0,1
212,4,20180607_193715,111,97,0,0
212,5,20180607_193715,111,123,0,1
212,6,20180607_193715,111,146,0,1
212,7,20180607_193715,111,229,0,1
212,8,20180607_193715,111,381,0,1
212,9,20180607_193715,111,408,0,1
212,10,20180607_193715,111,414,0,1
212,11,20180607_193715,111,423,0,1
212,12,20180607_193715,111,523,0,1
212,13,20180607_193715,111,670,0,0
212,14,20180607_193715,111,837,0,0
213,1,20180607_194215,43,576,1,1
213,2,20180607_194215,43,598,1,1
213,3,20180607_194215,43,606,1,1
213,4,20180607_194215,43,774,0,0
214,1,20180607_194215,59,386,1,1
214,2,20180607_194215,59,477,0,0
214,3,20180607_194215,59,554,0,0
214,4,20180607_194215,59,583,1,1
214,5,20180607_194215,59,624,0,1
214,6,20180607_194215,59,642,0,0
214,7,20180607_194215,59,662,0,1
214,8,20180607_194215,59,695,0,0
214,9,20180607_194215,59,780,0,0
214,10,20180607_194215,59,797,0,0
214,11,20180607_194215,59,848,0,0
214,12,20180607_194215,59,967,0,1
214,13,20180607_194215,59,990,0,1
215,1,20180607_194215,68,61,0,0
215,2,20180607_194215,68,186,0,0
215,3,20180607_194215,68,291,0,0
215,4,20180607_194215,68,416,0,0
215,5,20180607_194215,68,460,0,0
215,6,20180607_194215,68,549,0,1
215,7,20180607_194215,68,930,0,1
215,8,20180607_194215,68,981,0,1
216,1,20180607_194215,125,111,0,1
216,2,20180607_194215,125,132,0,1
216,3,20180607_194215,125,151,0,1
216,4,20180607_194215,125,180,0,1
216,5,20180607_194215,125,188,0,1
216,6,20180607_194215,125,225,0,0
216,7,20180607_194215,125,275,0,1
216,8,20180607_194215,125,315,0,1
216,9,20180607_194215,125,356,0,0
216,10,20180607_194215,125,377,0,1
217,1,20180607_194215,134,11,0,1
217,2,20180607_194215,134,54,0,1
217,3,20180607_194215,134,289,0,1
217,4,20180607_194215,134,324,0,1
217,5,20180607_194215,134,357,0,1
217,6,20180607_194215,134,376,0,1
217,7,20180607_194215,134,733,0,0
217,8,20180607_194215,134,742,0,0
217,9,20180607_194215,134,778,0,0
217,10,20180607_194215,134,866,0,0
218,1,20180607_195716,91,13,0,1
218,2,20180607_195716,91,25,0,0
218,3,20180607_195716,91,236,0,1
218,4,20180607_195716,91,251,0,0
218,5,20180607_195716,91,257,0,1
218,6,20180607_195716,91,366,0,1
218,7,20180607_195716,91,404,0,1
218,8,20180607_195716,91,460,0,0
218,9,20180607_195716,91,498,0,0
218,10,20180607_195716,91,527,0,0
218,11,20180607_195716,91,928,0,0
218,12,20180607_195716,91,940,0,1
